field,value
analyses[0].algorithm_version,medical-access-v2.0.0
analyses[0].analysis_id,medical-access-v2
analyses[0].claim_boundary,直線距離は到達時間、診療可否、受入能力、医療不足、政策優先順位ではない。
analyses[0].missing_enhancement[0],official_pedestrian_network
analyses[0].tier,BASE
analyses[1].algorithm_version,care-access-1.0.0
analyses[1].analysis_id,care-access
analyses[1].claim_boundary,候補は介護不足、需要、利用資格、空床、政策優先順位の認定ではない。
analyses[1].missing_enhancement[0],official_pedestrian_network
analyses[1].missing_enhancement[1],social_participation
analyses[1].tier,BASE
analyses[2].algorithm_version,future-population-spatial-1.0.0
analyses[2].analysis_id,future-population-spatial
analyses[2].claim_boundary,公式試算は観測値や保証された予測ではなく、最良シナリオを自動選択しない。
analyses[2].tier,BASE
analyses[3].algorithm_version,daytime-activity-context-1.0.0
analyses[3].analysis_id,daytime-activity-context
analyses[3].claim_boundary,従業者数は昼間人口、サービス需要、混雑、政策上の不足を意味しない。
analyses[3].missing_enhancement[0],official_pedestrian_network
analyses[3].tier,BASE
analyses[4].algorithm_version,earthquake-ground-context-1.0.0
analyses[4].analysis_id,earthquake-ground-context
analyses[4].claim_boundary,地盤モデル値は地震確率、被害予測、危険度、政策リスクスコアではない。
analyses[4].tier,BASE
analyses[5].algorithm_version,historical-traffic-safety-context-1.0.0
analyses[5].analysis_id,historical-traffic-safety-context
analyses[5].claim_boundary,事故件数は交通量で正規化しておらず、現在の危険度、原因、確率、予測ではない。
analyses[5].missing_enhancement[0],traffic_volume
analyses[5].tier,BASE
cities[0].city_code,26202
cities[0].city_id,maizuru
cities[0].city_name,舞鶴市
cities[1].city_code,14205
cities[1].city_id,fujisawa
cities[1].city_name,藤沢市
findings[0].city_code,26202
findings[0].city_id,maizuru
findings[0].claim_boundary,"review candidate only; not a shortage, risk, recommendation, or administrative priority"
findings[0].combined_score,
findings[0].decision_id,
findings[0].finding_id,finding-0ce0dd4935e26ce0d846bd55
findings[0].finding_subtype,activity_service_gap_candidate
findings[0].finding_type,activity_service_gap_candidate
findings[0].investigation_id,
findings[0].mesh_code,533502971
findings[0].metrics.medical_straight_line_distance_m,2180.222
findings[0].metrics.published_employees,271
findings[0].metrics.transport_straight_line_distance_m,1388.318
findings[0].priority_rank,
findings[0].related_feature_id,maizuru:533502971
findings[0].review_required,True
findings[0].source_contributions[0],Economic Census 2021
findings[0].source_contributions[1],MHLW medical 2026
findings[0].source_contributions[2],MLIT P11 2022
findings[0].status,new
findings[0].summary,独立した閾値条件に該当した未検証の追加調査候補です。
findings[0].threshold_scope,within maizuru; not comparable across cities
findings[0].thresholds.employees_p75,106.0
findings[0].thresholds.medical_distance_p75_m,3403.783
findings[0].thresholds.transport_distance_p75_m,828.65
findings[0].title,活動・サービス文脈確認候補
findings[0].urban_state,maizuru-2025-observed
findings[0].validation_status,unvalidated
findings[1].city_code,26202
findings[1].city_id,maizuru
findings[1].claim_boundary,"review candidate only; not a shortage, risk, recommendation, or administrative priority"
findings[1].combined_score,
findings[1].decision_id,
findings[1].finding_id,finding-2bf32b39e9b95dad49ade60c
findings[1].finding_subtype,medical_access_review_candidate
findings[1].finding_type,accessibility_gap
findings[1].investigation_id,
findings[1].mesh_code,533513551
findings[1].metrics.population,75
findings[1].metrics.straight_line_distance_m,3476.397
findings[1].priority_rank,
findings[1].related_feature_id,maizuru:533513551
findings[1].review_required,True
findings[1].source_contributions[0],e-Stat census 2020
findings[1].source_contributions[1],MHLW medical 2026
findings[1].source_contributions[2],PLATEAU 2025
findings[1].status,new
findings[1].summary,独立した閾値条件に該当した未検証の追加調査候補です。
findings[1].threshold_scope,within maizuru; not comparable across cities
findings[1].thresholds.distance_p75_m,3409.787
findings[1].thresholds.population_median,69.0
findings[1].title,医療アクセス現地確認候補
findings[1].urban_state,maizuru-2025-observed
findings[1].validation_status,unvalidated
findings[2].city_code,26202
findings[2].city_id,maizuru
findings[2].claim_boundary,"review candidate only; not a shortage, risk, recommendation, or administrative priority"
findings[2].combined_score,
findings[2].decision_id,
findings[2].finding_id,finding-34be237d5e460bdeec9fcec6
findings[2].finding_subtype,medical_access_review_candidate
findings[2].finding_type,accessibility_gap
findings[2].investigation_id,
findings[2].mesh_code,533512753
findings[2].metrics.population,91
findings[2].metrics.straight_line_distance_m,3595.783
findings[2].priority_rank,
findings[2].related_feature_id,maizuru:533512753
findings[2].review_required,True
findings[2].source_contributions[0],e-Stat census 2020
findings[2].source_contributions[1],MHLW medical 2026
findings[2].source_contributions[2],PLATEAU 2025
findings[2].status,new
findings[2].summary,独立した閾値条件に該当した未検証の追加調査候補です。
findings[2].threshold_scope,within maizuru; not comparable across cities
findings[2].thresholds.distance_p75_m,3409.787
findings[2].thresholds.population_median,69.0
findings[2].title,医療アクセス現地確認候補
findings[2].urban_state,maizuru-2025-observed
findings[2].validation_status,unvalidated
findings[3].city_code,26202
findings[3].city_id,maizuru
findings[3].claim_boundary,"review candidate only; not a shortage, risk, recommendation, or administrative priority"
findings[3].combined_score,
findings[3].decision_id,
findings[3].finding_id,finding-3609bea6ccee8252f5422c22
findings[3].finding_subtype,medical_access_review_candidate
findings[3].finding_type,accessibility_gap
findings[3].investigation_id,
findings[3].mesh_code,533523721
findings[3].metrics.population,123
findings[3].metrics.straight_line_distance_m,6422.007
findings[3].priority_rank,
findings[3].related_feature_id,maizuru:533523721
findings[3].review_required,True
findings[3].source_contributions[0],e-Stat census 2020
findings[3].source_contributions[1],MHLW medical 2026
findings[3].source_contributions[2],PLATEAU 2025
findings[3].status,new
findings[3].summary,独立した閾値条件に該当した未検証の追加調査候補です。
findings[3].threshold_scope,within maizuru; not comparable across cities
findings[3].thresholds.distance_p75_m,3409.787
findings[3].thresholds.population_median,69.0
findings[3].title,医療アクセス現地確認候補
findings[3].urban_state,maizuru-2025-observed
findings[3].validation_status,unvalidated
findings[4].city_code,26202
findings[4].city_id,maizuru
findings[4].claim_boundary,"review candidate only; not a shortage, risk, recommendation, or administrative priority"
findings[4].combined_score,
findings[4].decision_id,
findings[4].finding_id,finding-396b9c2cbf069c528e289625
findings[4].finding_subtype,medical_access_review_candidate
findings[4].finding_type,accessibility_gap
findings[4].investigation_id,
findings[4].mesh_code,533502982
findings[4].metrics.population,134
findings[4].metrics.straight_line_distance_m,3438.401
findings[4].priority_rank,
findings[4].related_feature_id,maizuru:533502982
findings[4].review_required,True
findings[4].source_contributions[0],e-Stat census 2020
findings[4].source_contributions[1],MHLW medical 2026
findings[4].source_contributions[2],PLATEAU 2025
findings[4].status,new
findings[4].summary,独立した閾値条件に該当した未検証の追加調査候補です。
findings[4].threshold_scope,within maizuru; not comparable across cities
findings[4].thresholds.distance_p75_m,3409.787
findings[4].thresholds.population_median,69.0
findings[4].title,医療アクセス現地確認候補
findings[4].urban_state,maizuru-2025-observed
findings[4].validation_status,unvalidated
findings[5].city_code,26202
findings[5].city_id,maizuru
findings[5].claim_boundary,"review candidate only; not a shortage, risk, recommendation, or administrative priority"
findings[5].combined_score,
findings[5].decision_id,
findings[5].finding_id,finding-3c88fd71f8e6d1760064d520
findings[5].finding_subtype,activity_service_gap_candidate
findings[5].finding_type,activity_service_gap_candidate
findings[5].investigation_id,
findings[5].mesh_code,533512883
findings[5].metrics.medical_straight_line_distance_m,4141.887
findings[5].metrics.published_employees,734
findings[5].metrics.transport_straight_line_distance_m,287.132
findings[5].priority_rank,
findings[5].related_feature_id,maizuru:533512883
findings[5].review_required,True
findings[5].source_contributions[0],Economic Census 2021
findings[5].source_contributions[1],MHLW medical 2026
findings[5].source_contributions[2],MLIT P11 2022
findings[5].status,new
findings[5].summary,独立した閾値条件に該当した未検証の追加調査候補です。
findings[5].threshold_scope,within maizuru; not comparable across cities
findings[5].thresholds.employees_p75,106.0
findings[5].thresholds.medical_distance_p75_m,3403.783
findings[5].thresholds.transport_distance_p75_m,828.65
findings[5].title,活動・サービス文脈確認候補
findings[5].urban_state,maizuru-2025-observed
findings[5].validation_status,unvalidated
findings[6].city_code,26202
findings[6].city_id,maizuru
findings[6].claim_boundary,"review candidate only; not a shortage, risk, recommendation, or administrative priority"
findings[6].combined_score,
findings[6].decision_id,
findings[6].finding_id,finding-6333afb2eb491a8db309d182
findings[6].finding_subtype,activity_service_gap_candidate
findings[6].finding_type,activity_service_gap_candidate
findings[6].investigation_id,
findings[6].mesh_code,533513853
findings[6].metrics.medical_straight_line_distance_m,3787.968
findings[6].metrics.published_employees,167
findings[6].metrics.transport_straight_line_distance_m,475.968
findings[6].priority_rank,
findings[6].related_feature_id,maizuru:533513853
findings[6].review_required,True
findings[6].source_contributions[0],Economic Census 2021
findings[6].source_contributions[1],MHLW medical 2026
findings[6].source_contributions[2],MLIT P11 2022
findings[6].status,new
findings[6].summary,独立した閾値条件に該当した未検証の追加調査候補です。
findings[6].threshold_scope,within maizuru; not comparable across cities
findings[6].thresholds.employees_p75,106.0
findings[6].thresholds.medical_distance_p75_m,3403.783
findings[6].thresholds.transport_distance_p75_m,828.65
findings[6].title,活動・サービス文脈確認候補
findings[6].urban_state,maizuru-2025-observed
findings[6].validation_status,unvalidated
findings[7].city_code,26202
findings[7].city_id,maizuru
findings[7].claim_boundary,"review candidate only; not a shortage, risk, recommendation, or administrative priority"
findings[7].combined_score,
findings[7].decision_id,
findings[7].finding_id,finding-681cbd4532a42707569e8317
findings[7].finding_subtype,medical_access_review_candidate
findings[7].finding_type,accessibility_gap
findings[7].investigation_id,
findings[7].mesh_code,533512883
findings[7].metrics.population,418
findings[7].metrics.straight_line_distance_m,4141.887
findings[7].priority_rank,
findings[7].related_feature_id,maizuru:533512883
findings[7].review_required,True
findings[7].source_contributions[0],e-Stat census 2020
findings[7].source_contributions[1],MHLW medical 2026
findings[7].source_contributions[2],PLATEAU 2025
findings[7].status,new
findings[7].summary,独立した閾値条件に該当した未検証の追加調査候補です。
findings[7].threshold_scope,within maizuru; not comparable across cities
findings[7].thresholds.distance_p75_m,3409.787
findings[7].thresholds.population_median,69.0
findings[7].title,医療アクセス現地確認候補
findings[7].urban_state,maizuru-2025-observed
findings[7].validation_status,unvalidated
findings[8].city_code,26202
findings[8].city_id,maizuru
findings[8].claim_boundary,"review candidate only; not a shortage, risk, recommendation, or administrative priority"
findings[8].combined_score,
findings[8].decision_id,
findings[8].finding_id,finding-694a082cb96381ac668aef85
findings[8].finding_subtype,medical_access_review_candidate
findings[8].finding_type,accessibility_gap
findings[8].investigation_id,
findings[8].mesh_code,533523614
findings[8].metrics.population,87
findings[8].metrics.straight_line_distance_m,5949.865
findings[8].priority_rank,
findings[8].related_feature_id,maizuru:533523614
findings[8].review_required,True
findings[8].source_contributions[0],e-Stat census 2020
findings[8].source_contributions[1],MHLW medical 2026
findings[8].source_contributions[2],PLATEAU 2025
findings[8].status,new
findings[8].summary,独立した閾値条件に該当した未検証の追加調査候補です。
findings[8].threshold_scope,within maizuru; not comparable across cities
findings[8].thresholds.distance_p75_m,3409.787
findings[8].thresholds.population_median,69.0
findings[8].title,医療アクセス現地確認候補
findings[8].urban_state,maizuru-2025-observed
findings[8].validation_status,unvalidated
findings[9].city_code,26202
findings[9].city_id,maizuru
findings[9].claim_boundary,"review candidate only; not a shortage, risk, recommendation, or administrative priority"
findings[9].combined_score,
findings[9].decision_id,
findings[9].finding_id,finding-7725800c516aa5fa3e6f6685
findings[9].finding_subtype,activity_service_gap_candidate
findings[9].finding_type,activity_service_gap_candidate
findings[9].investigation_id,
findings[9].mesh_code,533513753
findings[9].metrics.medical_straight_line_distance_m,3534.621
findings[9].metrics.published_employees,120
findings[9].metrics.transport_straight_line_distance_m,23.374
findings[9].priority_rank,
findings[9].related_feature_id,maizuru:533513753
findings[9].review_required,True
findings[9].source_contributions[0],Economic Census 2021
findings[9].source_contributions[1],MHLW medical 2026
findings[9].source_contributions[2],MLIT P11 2022
findings[9].status,new
findings[9].summary,独立した閾値条件に該当した未検証の追加調査候補です。
findings[9].threshold_scope,within maizuru; not comparable across cities
findings[9].thresholds.employees_p75,106.0
findings[9].thresholds.medical_distance_p75_m,3403.783
findings[9].thresholds.transport_distance_p75_m,828.65
findings[9].title,活動・サービス文脈確認候補
findings[9].urban_state,maizuru-2025-observed
findings[9].validation_status,unvalidated
findings[10].city_code,26202
findings[10].city_id,maizuru
findings[10].claim_boundary,"review candidate only; not a shortage, risk, recommendation, or administrative priority"
findings[10].combined_score,
findings[10].decision_id,
findings[10].finding_id,finding-7941acbdf38ae115203ee902
findings[10].finding_subtype,activity_service_gap_candidate
findings[10].finding_type,activity_service_gap_candidate
findings[10].investigation_id,
findings[10].mesh_code,533513953
findings[10].metrics.medical_straight_line_distance_m,3835.479
findings[10].metrics.published_employees,195
findings[10].metrics.transport_straight_line_distance_m,413.952
findings[10].priority_rank,
findings[10].related_feature_id,maizuru:533513953
findings[10].review_required,True
findings[10].source_contributions[0],Economic Census 2021
findings[10].source_contributions[1],MHLW medical 2026
findings[10].source_contributions[2],MLIT P11 2022
findings[10].status,new
findings[10].summary,独立した閾値条件に該当した未検証の追加調査候補です。
findings[10].threshold_scope,within maizuru; not comparable across cities
findings[10].thresholds.employees_p75,106.0
findings[10].thresholds.medical_distance_p75_m,3403.783
findings[10].thresholds.transport_distance_p75_m,828.65
findings[10].title,活動・サービス文脈確認候補
findings[10].urban_state,maizuru-2025-observed
findings[10].validation_status,unvalidated
findings[11].city_code,26202
findings[11].city_id,maizuru
findings[11].claim_boundary,"review candidate only; not a shortage, risk, recommendation, or administrative priority"
findings[11].combined_score,
findings[11].decision_id,
findings[11].finding_id,finding-cbf1e69772ba9081b226a029
findings[11].finding_subtype,medical_access_review_candidate
findings[11].finding_type,accessibility_gap
findings[11].investigation_id,
findings[11].mesh_code,533523841
findings[11].metrics.population,153
findings[11].metrics.straight_line_distance_m,7803.162
findings[11].priority_rank,
findings[11].related_feature_id,maizuru:533523841
findings[11].review_required,True
findings[11].source_contributions[0],e-Stat census 2020
findings[11].source_contributions[1],MHLW medical 2026
findings[11].source_contributions[2],PLATEAU 2025
findings[11].status,new
findings[11].summary,独立した閾値条件に該当した未検証の追加調査候補です。
findings[11].threshold_scope,within maizuru; not comparable across cities
findings[11].thresholds.distance_p75_m,3409.787
findings[11].thresholds.population_median,69.0
findings[11].title,医療アクセス現地確認候補
findings[11].urban_state,maizuru-2025-observed
findings[11].validation_status,unvalidated
findings[12].city_code,26202
findings[12].city_id,maizuru
findings[12].claim_boundary,"review candidate only; not a shortage, risk, recommendation, or administrative priority"
findings[12].combined_score,
findings[12].decision_id,
findings[12].finding_id,finding-e31d1d4812e1d7d8238b4032
findings[12].finding_subtype,medical_access_review_candidate
findings[12].finding_type,accessibility_gap
findings[12].investigation_id,
findings[12].mesh_code,533512783
findings[12].metrics.population,204
findings[12].metrics.straight_line_distance_m,3634.886
findings[12].priority_rank,
findings[12].related_feature_id,maizuru:533512783
findings[12].review_required,True
findings[12].source_contributions[0],e-Stat census 2020
findings[12].source_contributions[1],MHLW medical 2026
findings[12].source_contributions[2],PLATEAU 2025
findings[12].status,new
findings[12].summary,独立した閾値条件に該当した未検証の追加調査候補です。
findings[12].threshold_scope,within maizuru; not comparable across cities
findings[12].thresholds.distance_p75_m,3409.787
findings[12].thresholds.population_median,69.0
findings[12].title,医療アクセス現地確認候補
findings[12].urban_state,maizuru-2025-observed
findings[12].validation_status,unvalidated
findings[13].city_code,26202
findings[13].city_id,maizuru
findings[13].claim_boundary,"review candidate only; not a shortage, risk, recommendation, or administrative priority"
findings[13].combined_score,
findings[13].decision_id,
findings[13].finding_id,finding-e87a20a4e8f4907b9b462063
findings[13].finding_subtype,medical_access_review_candidate
findings[13].finding_type,accessibility_gap
findings[13].investigation_id,
findings[13].mesh_code,533513853
findings[13].metrics.population,116
findings[13].metrics.straight_line_distance_m,3787.968
findings[13].priority_rank,
findings[13].related_feature_id,maizuru:533513853
findings[13].review_required,True
findings[13].source_contributions[0],e-Stat census 2020
findings[13].source_contributions[1],MHLW medical 2026
findings[13].source_contributions[2],PLATEAU 2025
findings[13].status,new
findings[13].summary,独立した閾値条件に該当した未検証の追加調査候補です。
findings[13].threshold_scope,within maizuru; not comparable across cities
findings[13].thresholds.distance_p75_m,3409.787
findings[13].thresholds.population_median,69.0
findings[13].title,医療アクセス現地確認候補
findings[13].urban_state,maizuru-2025-observed
findings[13].validation_status,unvalidated
findings[14].city_code,26202
findings[14].city_id,maizuru
findings[14].claim_boundary,"review candidate only; not a shortage, risk, recommendation, or administrative priority"
findings[14].combined_score,
findings[14].decision_id,
findings[14].finding_id,finding-e98635ba03ba93cf313fb51b
findings[14].finding_subtype,care_access_review_candidate
findings[14].finding_type,care_access_review_candidate
findings[14].investigation_id,
findings[14].mesh_code,533523032
findings[14].metrics.elderly_population,110.0
findings[14].metrics.experimental_transport_network_distance_m,368.254
findings[14].metrics.straight_line_distance_m,1706.515
findings[14].priority_rank,
findings[14].related_feature_id,maizuru:533523032
findings[14].review_required,True
findings[14].source_contributions[0],e-Stat census 2020
findings[14].source_contributions[1],MHLW care 2026
findings[14].source_contributions[2],PLATEAU 2025 experimental graph
findings[14].status,new
findings[14].summary,独立した閾値条件に該当した未検証の追加調査候補です。
findings[14].threshold_scope,within maizuru; not comparable across cities
findings[14].thresholds.distance_p65_m,1586.039
findings[14].thresholds.elderly_p65,66.25
findings[14].thresholds.network_transport_median_m,363.069
findings[14].title,介護アクセス現地確認候補
findings[14].urban_state,maizuru-2025-observed
findings[14].validation_status,unvalidated
findings[15].city_code,26202
findings[15].city_id,maizuru
findings[15].claim_boundary,"review candidate only; not a shortage, risk, recommendation, or administrative priority"
findings[15].combined_score,
findings[15].decision_id,
findings[15].finding_id,finding-f75c799eae223f22ae095b8a
findings[15].finding_subtype,medical_access_review_candidate
findings[15].finding_type,accessibility_gap
findings[15].investigation_id,
findings[15].mesh_code,533522084
findings[15].metrics.population,74
findings[15].metrics.straight_line_distance_m,3593.962
findings[15].priority_rank,
findings[15].related_feature_id,maizuru:533522084
findings[15].review_required,True
findings[15].source_contributions[0],e-Stat census 2020
findings[15].source_contributions[1],MHLW medical 2026
findings[15].source_contributions[2],PLATEAU 2025
findings[15].status,new
findings[15].summary,独立した閾値条件に該当した未検証の追加調査候補です。
findings[15].threshold_scope,within maizuru; not comparable across cities
findings[15].thresholds.distance_p75_m,3409.787
findings[15].thresholds.population_median,69.0
findings[15].title,医療アクセス現地確認候補
findings[15].urban_state,maizuru-2025-observed
findings[15].validation_status,unvalidated
findings[16].city_code,14205
findings[16].city_id,fujisawa
findings[16].claim_boundary,"review candidate only; not a shortage, risk, recommendation, or administrative priority"
findings[16].combined_score,
findings[16].decision_id,
findings[16].finding_id,finding-0015958f75939076ccb5f3ac
findings[16].finding_subtype,medical_access_review_candidate
findings[16].finding_type,accessibility_gap
findings[16].investigation_id,
findings[16].mesh_code,533904102
findings[16].metrics.population,1707
findings[16].metrics.straight_line_distance_m,711.053
findings[16].priority_rank,
findings[16].related_feature_id,fujisawa:533904102
findings[16].review_required,True
findings[16].source_contributions[0],e-Stat census 2020
findings[16].source_contributions[1],MHLW medical 2026
findings[16].source_contributions[2],PLATEAU 2025
findings[16].status,new
findings[16].summary,独立した閾値条件に該当した未検証の追加調査候補です。
findings[16].threshold_scope,within fujisawa; not comparable across cities
findings[16].thresholds.distance_p75_m,702.426
findings[16].thresholds.population_median,1481.0
findings[16].title,医療アクセス現地確認候補
findings[16].urban_state,fujisawa-2025-observed
findings[16].validation_status,unvalidated
findings[17].city_code,14205
findings[17].city_id,fujisawa
findings[17].claim_boundary,"review candidate only; not a shortage, risk, recommendation, or administrative priority"
findings[17].combined_score,
findings[17].decision_id,
findings[17].finding_id,finding-0140c0327a8f9fd6a3601e4d
findings[17].finding_subtype,medical_access_review_candidate
findings[17].finding_type,accessibility_gap
findings[17].investigation_id,
findings[17].mesh_code,533913073
findings[17].metrics.population,3590
findings[17].metrics.straight_line_distance_m,737.119
findings[17].priority_rank,
findings[17].related_feature_id,fujisawa:533913073
findings[17].review_required,True
findings[17].source_contributions[0],e-Stat census 2020
findings[17].source_contributions[1],MHLW medical 2026
findings[17].source_contributions[2],PLATEAU 2025
findings[17].status,new
findings[17].summary,独立した閾値条件に該当した未検証の追加調査候補です。
findings[17].threshold_scope,within fujisawa; not comparable across cities
findings[17].thresholds.distance_p75_m,702.426
findings[17].thresholds.population_median,1481.0
findings[17].title,医療アクセス現地確認候補
findings[17].urban_state,fujisawa-2025-observed
findings[17].validation_status,unvalidated
findings[18].city_code,14205
findings[18].city_id,fujisawa
findings[18].claim_boundary,"review candidate only; not a shortage, risk, recommendation, or administrative priority"
findings[18].combined_score,
findings[18].decision_id,
findings[18].finding_id,finding-019e81b1ddcacb9f154454e4
findings[18].finding_subtype,activity_service_gap_candidate
findings[18].finding_type,activity_service_gap_candidate
findings[18].investigation_id,
findings[18].mesh_code,533903832
findings[18].metrics.medical_straight_line_distance_m,1063.609
findings[18].metrics.published_employees,828
findings[18].metrics.transport_straight_line_distance_m,128.834
findings[18].priority_rank,
findings[18].related_feature_id,fujisawa:533903832
findings[18].review_required,True
findings[18].source_contributions[0],Economic Census 2021
findings[18].source_contributions[1],MHLW medical 2026
findings[18].source_contributions[2],MLIT P11 2022
findings[18].status,new
findings[18].summary,独立した閾値条件に該当した未検証の追加調査候補です。
findings[18].threshold_scope,within fujisawa; not comparable across cities
findings[18].thresholds.employees_p75,553.75
findings[18].thresholds.medical_distance_p75_m,708.548
findings[18].thresholds.transport_distance_p75_m,363.398
findings[18].title,活動・サービス文脈確認候補
findings[18].urban_state,fujisawa-2025-observed
findings[18].validation_status,unvalidated
findings[19].city_code,14205
findings[19].city_id,fujisawa
findings[19].claim_boundary,"review candidate only; not a shortage, risk, recommendation, or administrative priority"
findings[19].combined_score,
findings[19].decision_id,
findings[19].finding_id,finding-0ed8085e476de40cb187b999
findings[19].finding_subtype,activity_service_gap_candidate
findings[19].finding_type,activity_service_gap_candidate
findings[19].investigation_id,
findings[19].mesh_code,533904004
findings[19].metrics.medical_straight_line_distance_m,710.589
findings[19].metrics.published_employees,610
findings[19].metrics.transport_straight_line_distance_m,108.524
findings[19].priority_rank,
findings[19].related_feature_id,fujisawa:533904004
findings[19].review_required,True
findings[19].source_contributions[0],Economic Census 2021
findings[19].source_contributions[1],MHLW medical 2026
findings[19].source_contributions[2],MLIT P11 2022
findings[19].status,new
findings[19].summary,独立した閾値条件に該当した未検証の追加調査候補です。
findings[19].threshold_scope,within fujisawa; not comparable across cities
findings[19].thresholds.employees_p75,553.75
findings[19].thresholds.medical_distance_p75_m,708.548
findings[19].thresholds.transport_distance_p75_m,363.398
findings[19].title,活動・サービス文脈確認候補
findings[19].urban_state,fujisawa-2025-observed
findings[19].validation_status,unvalidated
findings[20].city_code,14205
findings[20].city_id,fujisawa
findings[20].claim_boundary,"review candidate only; not a shortage, risk, recommendation, or administrative priority"
findings[20].combined_score,
findings[20].decision_id,
findings[20].finding_id,finding-183966c714139fa8617909d4
findings[20].finding_subtype,medical_access_review_candidate
findings[20].finding_type,accessibility_gap
findings[20].investigation_id,
findings[20].mesh_code,533913162
findings[20].metrics.population,1670
findings[20].metrics.straight_line_distance_m,1438.871
findings[20].priority_rank,
findings[20].related_feature_id,fujisawa:533913162
findings[20].review_required,True
findings[20].source_contributions[0],e-Stat census 2020
findings[20].source_contributions[1],MHLW medical 2026
findings[20].source_contributions[2],PLATEAU 2025
findings[20].status,new
findings[20].summary,独立した閾値条件に該当した未検証の追加調査候補です。
findings[20].threshold_scope,within fujisawa; not comparable across cities
findings[20].thresholds.distance_p75_m,702.426
findings[20].thresholds.population_median,1481.0
findings[20].title,医療アクセス現地確認候補
findings[20].urban_state,fujisawa-2025-observed
findings[20].validation_status,unvalidated
findings[21].city_code,14205
findings[21].city_id,fujisawa
findings[21].claim_boundary,"review candidate only; not a shortage, risk, recommendation, or administrative priority"
findings[21].combined_score,
findings[21].decision_id,
findings[21].finding_id,finding-1d1b0e0c6cf47ab0daab50ae
findings[21].finding_subtype,medical_access_review_candidate
findings[21].finding_type,accessibility_gap
findings[21].investigation_id,
findings[21].mesh_code,523973994
findings[21].metrics.population,3349
findings[21].metrics.straight_line_distance_m,787.951
findings[21].priority_rank,
findings[21].related_feature_id,fujisawa:523973994
findings[21].review_required,True
findings[21].source_contributions[0],e-Stat census 2020
findings[21].source_contributions[1],MHLW medical 2026
findings[21].source_contributions[2],PLATEAU 2025
findings[21].status,new
findings[21].summary,独立した閾値条件に該当した未検証の追加調査候補です。
findings[21].threshold_scope,within fujisawa; not comparable across cities
findings[21].thresholds.distance_p75_m,702.426
findings[21].thresholds.population_median,1481.0
findings[21].title,医療アクセス現地確認候補
findings[21].urban_state,fujisawa-2025-observed
findings[21].validation_status,unvalidated
findings[22].city_code,14205
findings[22].city_id,fujisawa
findings[22].claim_boundary,"review candidate only; not a shortage, risk, recommendation, or administrative priority"
findings[22].combined_score,
findings[22].decision_id,
findings[22].finding_id,finding-1e6bd89c261c46960c4e6558
findings[22].finding_subtype,activity_service_gap_candidate
findings[22].finding_type,activity_service_gap_candidate
findings[22].investigation_id,
findings[22].mesh_code,533903053
findings[22].metrics.medical_straight_line_distance_m,427.386
findings[22].metrics.published_employees,690
findings[22].metrics.transport_straight_line_distance_m,567.709
findings[22].priority_rank,
findings[22].related_feature_id,fujisawa:533903053
findings[22].review_required,True
findings[22].source_contributions[0],Economic Census 2021
findings[22].source_contributions[1],MHLW medical 2026
findings[22].source_contributions[2],MLIT P11 2022
findings[22].status,new
findings[22].summary,独立した閾値条件に該当した未検証の追加調査候補です。
findings[22].threshold_scope,within fujisawa; not comparable across cities
findings[22].thresholds.employees_p75,553.75
findings[22].thresholds.medical_distance_p75_m,708.548
findings[22].thresholds.transport_distance_p75_m,363.398
findings[22].title,活動・サービス文脈確認候補
findings[22].urban_state,fujisawa-2025-observed
findings[22].validation_status,unvalidated
findings[23].city_code,14205
findings[23].city_id,fujisawa
findings[23].claim_boundary,"review candidate only; not a shortage, risk, recommendation, or administrative priority"
findings[23].combined_score,
findings[23].decision_id,
findings[23].finding_id,finding-3058721a9a73f4c12eebc7b1
findings[23].finding_subtype,medical_access_review_candidate
findings[23].finding_type,accessibility_gap
findings[23].investigation_id,
findings[23].mesh_code,533903961
findings[23].metrics.population,1882
findings[23].metrics.straight_line_distance_m,966.12
findings[23].priority_rank,
findings[23].related_feature_id,fujisawa:533903961
findings[23].review_required,True
findings[23].source_contributions[0],e-Stat census 2020
findings[23].source_contributions[1],MHLW medical 2026
findings[23].source_contributions[2],PLATEAU 2025
findings[23].status,new
findings[23].summary,独立した閾値条件に該当した未検証の追加調査候補です。
findings[23].threshold_scope,within fujisawa; not comparable across cities
findings[23].thresholds.distance_p75_m,702.426
findings[23].thresholds.population_median,1481.0
findings[23].title,医療アクセス現地確認候補
findings[23].urban_state,fujisawa-2025-observed
findings[23].validation_status,unvalidated
findings[24].city_code,14205
findings[24].city_id,fujisawa
findings[24].claim_boundary,"review candidate only; not a shortage, risk, recommendation, or administrative priority"
findings[24].combined_score,
findings[24].decision_id,
findings[24].finding_id,finding-385bbcca5c0d9497640d2813
findings[24].finding_subtype,medical_access_review_candidate
findings[24].finding_type,accessibility_gap
findings[24].investigation_id,
findings[24].mesh_code,533913171
findings[24].metrics.population,2746
findings[24].metrics.straight_line_distance_m,1155.315
findings[24].priority_rank,
findings[24].related_feature_id,fujisawa:533913171
findings[24].review_required,True
findings[24].source_contributions[0],e-Stat census 2020
findings[24].source_contributions[1],MHLW medical 2026
findings[24].source_contributions[2],PLATEAU 2025
findings[24].status,new
findings[24].summary,独立した閾値条件に該当した未検証の追加調査候補です。
findings[24].threshold_scope,within fujisawa; not comparable across cities
findings[24].thresholds.distance_p75_m,702.426
findings[24].thresholds.population_median,1481.0
findings[24].title,医療アクセス現地確認候補
findings[24].urban_state,fujisawa-2025-observed
findings[24].validation_status,unvalidated
findings[25].city_code,14205
findings[25].city_id,fujisawa
findings[25].claim_boundary,"review candidate only; not a shortage, risk, recommendation, or administrative priority"
findings[25].combined_score,
findings[25].decision_id,
findings[25].finding_id,finding-477e91457b301f9dbf81985a
findings[25].finding_subtype,activity_service_gap_candidate
findings[25].finding_type,activity_service_gap_candidate
findings[25].investigation_id,
findings[25].mesh_code,533904013
findings[25].metrics.medical_straight_line_distance_m,1149.649
findings[25].metrics.published_employees,2869
findings[25].metrics.transport_straight_line_distance_m,97.061
findings[25].priority_rank,
findings[25].related_feature_id,fujisawa:533904013
findings[25].review_required,True
findings[25].source_contributions[0],Economic Census 2021
findings[25].source_contributions[1],MHLW medical 2026
findings[25].source_contributions[2],MLIT P11 2022
findings[25].status,new
findings[25].summary,独立した閾値条件に該当した未検証の追加調査候補です。
findings[25].threshold_scope,within fujisawa; not comparable across cities
findings[25].thresholds.employees_p75,553.75
findings[25].thresholds.medical_distance_p75_m,708.548
findings[25].thresholds.transport_distance_p75_m,363.398
findings[25].title,活動・サービス文脈確認候補
findings[25].urban_state,fujisawa-2025-observed
findings[25].validation_status,unvalidated
findings[26].city_code,14205
findings[26].city_id,fujisawa
findings[26].claim_boundary,"review candidate only; not a shortage, risk, recommendation, or administrative priority"
findings[26].combined_score,
findings[26].decision_id,
findings[26].finding_id,finding-4d987916316d316b48c905b0
findings[26].finding_subtype,medical_access_review_candidate
findings[26].finding_type,accessibility_gap
findings[26].investigation_id,
findings[26].mesh_code,533913064
findings[26].metrics.population,1579
findings[26].metrics.straight_line_distance_m,1015.429
findings[26].priority_rank,
findings[26].related_feature_id,fujisawa:533913064
findings[26].review_required,True
findings[26].source_contributions[0],e-Stat census 2020
findings[26].source_contributions[1],MHLW medical 2026
findings[26].source_contributions[2],PLATEAU 2025
findings[26].status,new
findings[26].summary,独立した閾値条件に該当した未検証の追加調査候補です。
findings[26].threshold_scope,within fujisawa; not comparable across cities
findings[26].thresholds.distance_p75_m,702.426
findings[26].thresholds.population_median,1481.0
findings[26].title,医療アクセス現地確認候補
findings[26].urban_state,fujisawa-2025-observed
findings[26].validation_status,unvalidated
findings[27].city_code,14205
findings[27].city_id,fujisawa
findings[27].claim_boundary,"review candidate only; not a shortage, risk, recommendation, or administrative priority"
findings[27].combined_score,
findings[27].decision_id,
findings[27].finding_id,finding-67f3e781c7fb85f85e55c560
findings[27].finding_subtype,care_access_review_candidate
findings[27].finding_type,care_access_review_candidate
findings[27].investigation_id,
findings[27].mesh_code,533903952
findings[27].metrics.elderly_population,715.0
findings[27].metrics.experimental_transport_network_distance_m,406.103
findings[27].metrics.straight_line_distance_m,465.226
findings[27].priority_rank,
findings[27].related_feature_id,fujisawa:533903952
findings[27].review_required,True
findings[27].source_contributions[0],e-Stat census 2020
findings[27].source_contributions[1],MHLW care 2026
findings[27].source_contributions[2],PLATEAU 2025 experimental graph
findings[27].status,new
findings[27].summary,独立した閾値条件に該当した未検証の追加調査候補です。
findings[27].threshold_scope,within fujisawa; not comparable across cities
findings[27].thresholds.distance_p65_m,405.367
findings[27].thresholds.elderly_p65,531.2
findings[27].thresholds.network_transport_median_m,276.191
findings[27].title,介護アクセス現地確認候補
findings[27].urban_state,fujisawa-2025-observed
findings[27].validation_status,unvalidated
findings[28].city_code,14205
findings[28].city_id,fujisawa
findings[28].claim_boundary,"review candidate only; not a shortage, risk, recommendation, or administrative priority"
findings[28].combined_score,
findings[28].decision_id,
findings[28].finding_id,finding-6af0eda13364bc8780284828
findings[28].finding_subtype,activity_service_gap_candidate
findings[28].finding_type,activity_service_gap_candidate
findings[28].investigation_id,
findings[28].mesh_code,533903264
findings[28].metrics.medical_straight_line_distance_m,663.831
findings[28].metrics.published_employees,2590
findings[28].metrics.transport_straight_line_distance_m,364.663
findings[28].priority_rank,
findings[28].related_feature_id,fujisawa:533903264
findings[28].review_required,True
findings[28].source_contributions[0],Economic Census 2021
findings[28].source_contributions[1],MHLW medical 2026
findings[28].source_contributions[2],MLIT P11 2022
findings[28].status,new
findings[28].summary,独立した閾値条件に該当した未検証の追加調査候補です。
findings[28].threshold_scope,within fujisawa; not comparable across cities
findings[28].thresholds.employees_p75,553.75
findings[28].thresholds.medical_distance_p75_m,708.548
findings[28].thresholds.transport_distance_p75_m,363.398
findings[28].title,活動・サービス文脈確認候補
findings[28].urban_state,fujisawa-2025-observed
findings[28].validation_status,unvalidated
findings[29].city_code,14205
findings[29].city_id,fujisawa
findings[29].claim_boundary,"review candidate only; not a shortage, risk, recommendation, or administrative priority"
findings[29].combined_score,
findings[29].decision_id,
findings[29].finding_id,finding-70cfa9356add01460efc531f
findings[29].finding_subtype,activity_service_gap_candidate
findings[29].finding_type,activity_service_gap_candidate
findings[29].investigation_id,
findings[29].mesh_code,533904102
findings[29].metrics.medical_straight_line_distance_m,711.053
findings[29].metrics.published_employees,2105
findings[29].metrics.transport_straight_line_distance_m,279.144
findings[29].priority_rank,
findings[29].related_feature_id,fujisawa:533904102
findings[29].review_required,True
findings[29].source_contributions[0],Economic Census 2021
findings[29].source_contributions[1],MHLW medical 2026
findings[29].source_contributions[2],MLIT P11 2022
findings[29].status,new
findings[29].summary,独立した閾値条件に該当した未検証の追加調査候補です。
findings[29].threshold_scope,within fujisawa; not comparable across cities
findings[29].thresholds.employees_p75,553.75
findings[29].thresholds.medical_distance_p75_m,708.548
findings[29].thresholds.transport_distance_p75_m,363.398
findings[29].title,活動・サービス文脈確認候補
findings[29].urban_state,fujisawa-2025-observed
findings[29].validation_status,unvalidated
findings[30].city_code,14205
findings[30].city_id,fujisawa
findings[30].claim_boundary,"review candidate only; not a shortage, risk, recommendation, or administrative priority"
findings[30].combined_score,
findings[30].decision_id,
findings[30].finding_id,finding-70de4161221b8f0d4dc49284
findings[30].finding_subtype,activity_service_gap_candidate
findings[30].finding_type,activity_service_gap_candidate
findings[30].investigation_id,
findings[30].mesh_code,533903963
findings[30].metrics.medical_straight_line_distance_m,872.261
findings[30].metrics.published_employees,977
findings[30].metrics.transport_straight_line_distance_m,537.47
findings[30].priority_rank,
findings[30].related_feature_id,fujisawa:533903963
findings[30].review_required,True
findings[30].source_contributions[0],Economic Census 2021
findings[30].source_contributions[1],MHLW medical 2026
findings[30].source_contributions[2],MLIT P11 2022
findings[30].status,new
findings[30].summary,独立した閾値条件に該当した未検証の追加調査候補です。
findings[30].threshold_scope,within fujisawa; not comparable across cities
findings[30].thresholds.employees_p75,553.75
findings[30].thresholds.medical_distance_p75_m,708.548
findings[30].thresholds.transport_distance_p75_m,363.398
findings[30].title,活動・サービス文脈確認候補
findings[30].urban_state,fujisawa-2025-observed
findings[30].validation_status,unvalidated
findings[31].city_code,14205
findings[31].city_id,fujisawa
findings[31].claim_boundary,"review candidate only; not a shortage, risk, recommendation, or administrative priority"
findings[31].combined_score,
findings[31].decision_id,
findings[31].finding_id,finding-761287fd89b91b42b0803cbe
findings[31].finding_subtype,activity_service_gap_candidate
findings[31].finding_type,activity_service_gap_candidate
findings[31].investigation_id,
findings[31].mesh_code,523974903
findings[31].metrics.medical_straight_line_distance_m,373.852
findings[31].metrics.published_employees,979
findings[31].metrics.transport_straight_line_distance_m,402.807
findings[31].priority_rank,
findings[31].related_feature_id,fujisawa:523974903
findings[31].review_required,True
findings[31].source_contributions[0],Economic Census 2021
findings[31].source_contributions[1],MHLW medical 2026
findings[31].source_contributions[2],MLIT P11 2022
findings[31].status,new
findings[31].summary,独立した閾値条件に該当した未検証の追加調査候補です。
findings[31].threshold_scope,within fujisawa; not comparable across cities
findings[31].thresholds.employees_p75,553.75
findings[31].thresholds.medical_distance_p75_m,708.548
findings[31].thresholds.transport_distance_p75_m,363.398
findings[31].title,活動・サービス文脈確認候補
findings[31].urban_state,fujisawa-2025-observed
findings[31].validation_status,unvalidated
findings[32].city_code,14205
findings[32].city_id,fujisawa
findings[32].claim_boundary,"review candidate only; not a shortage, risk, recommendation, or administrative priority"
findings[32].combined_score,
findings[32].decision_id,
findings[32].finding_id,finding-7daa95103dbc2f01a8f68838
findings[32].finding_subtype,medical_access_review_candidate
findings[32].finding_type,accessibility_gap
findings[32].investigation_id,
findings[32].mesh_code,523973951
findings[32].metrics.population,3121
findings[32].metrics.straight_line_distance_m,732.521
findings[32].priority_rank,
findings[32].related_feature_id,fujisawa:523973951
findings[32].review_required,True
findings[32].source_contributions[0],e-Stat census 2020
findings[32].source_contributions[1],MHLW medical 2026
findings[32].source_contributions[2],PLATEAU 2025
findings[32].status,new
findings[32].summary,独立した閾値条件に該当した未検証の追加調査候補です。
findings[32].threshold_scope,within fujisawa; not comparable across cities
findings[32].thresholds.distance_p75_m,702.426
findings[32].thresholds.population_median,1481.0
findings[32].title,医療アクセス現地確認候補
findings[32].urban_state,fujisawa-2025-observed
findings[32].validation_status,unvalidated
findings[33].city_code,14205
findings[33].city_id,fujisawa
findings[33].claim_boundary,"review candidate only; not a shortage, risk, recommendation, or administrative priority"
findings[33].combined_score,
findings[33].decision_id,
findings[33].finding_id,finding-83ab43f78075610193d39a01
findings[33].finding_subtype,activity_service_gap_candidate
findings[33].finding_type,activity_service_gap_candidate
findings[33].investigation_id,
findings[33].mesh_code,533903553
findings[33].metrics.medical_straight_line_distance_m,826.193
findings[33].metrics.published_employees,1010
findings[33].metrics.transport_straight_line_distance_m,275.672
findings[33].priority_rank,
findings[33].related_feature_id,fujisawa:533903553
findings[33].review_required,True
findings[33].source_contributions[0],Economic Census 2021
findings[33].source_contributions[1],MHLW medical 2026
findings[33].source_contributions[2],MLIT P11 2022
findings[33].status,new
findings[33].summary,独立した閾値条件に該当した未検証の追加調査候補です。
findings[33].threshold_scope,within fujisawa; not comparable across cities
findings[33].thresholds.employees_p75,553.75
findings[33].thresholds.medical_distance_p75_m,708.548
findings[33].thresholds.transport_distance_p75_m,363.398
findings[33].title,活動・サービス文脈確認候補
findings[33].urban_state,fujisawa-2025-observed
findings[33].validation_status,unvalidated
findings[34].city_code,14205
findings[34].city_id,fujisawa
findings[34].claim_boundary,"review candidate only; not a shortage, risk, recommendation, or administrative priority"
findings[34].combined_score,
findings[34].decision_id,
findings[34].finding_id,finding-989e54ca0e2b6aa13a2e781f
findings[34].finding_subtype,medical_access_review_candidate
findings[34].finding_type,accessibility_gap
findings[34].investigation_id,
findings[34].mesh_code,533903952
findings[34].metrics.population,2019
findings[34].metrics.straight_line_distance_m,1218.973
findings[34].priority_rank,
findings[34].related_feature_id,fujisawa:533903952
findings[34].review_required,True
findings[34].source_contributions[0],e-Stat census 2020
findings[34].source_contributions[1],MHLW medical 2026
findings[34].source_contributions[2],PLATEAU 2025
findings[34].status,new
findings[34].summary,独立した閾値条件に該当した未検証の追加調査候補です。
findings[34].threshold_scope,within fujisawa; not comparable across cities
findings[34].thresholds.distance_p75_m,702.426
findings[34].thresholds.population_median,1481.0
findings[34].title,医療アクセス現地確認候補
findings[34].urban_state,fujisawa-2025-observed
findings[34].validation_status,unvalidated
findings[35].city_code,14205
findings[35].city_id,fujisawa
findings[35].claim_boundary,"review candidate only; not a shortage, risk, recommendation, or administrative priority"
findings[35].combined_score,
findings[35].decision_id,
findings[35].finding_id,finding-9e8e43426c86c1ebd68cff20
findings[35].finding_subtype,activity_service_gap_candidate
findings[35].finding_type,activity_service_gap_candidate
findings[35].investigation_id,
findings[35].mesh_code,533913073
findings[35].metrics.medical_straight_line_distance_m,737.119
findings[35].metrics.published_employees,760
findings[35].metrics.transport_straight_line_distance_m,592.578
findings[35].priority_rank,
findings[35].related_feature_id,fujisawa:533913073
findings[35].review_required,True
findings[35].source_contributions[0],Economic Census 2021
findings[35].source_contributions[1],MHLW medical 2026
findings[35].source_contributions[2],MLIT P11 2022
findings[35].status,new
findings[35].summary,独立した閾値条件に該当した未検証の追加調査候補です。
findings[35].threshold_scope,within fujisawa; not comparable across cities
findings[35].thresholds.employees_p75,553.75
findings[35].thresholds.medical_distance_p75_m,708.548
findings[35].thresholds.transport_distance_p75_m,363.398
findings[35].title,活動・サービス文脈確認候補
findings[35].urban_state,fujisawa-2025-observed
findings[35].validation_status,unvalidated
findings[36].city_code,14205
findings[36].city_id,fujisawa
findings[36].claim_boundary,"review candidate only; not a shortage, risk, recommendation, or administrative priority"
findings[36].combined_score,
findings[36].decision_id,
findings[36].finding_id,finding-a6acff96ab78ac45ac7ad10e
findings[36].finding_subtype,medical_access_review_candidate
findings[36].finding_type,accessibility_gap
findings[36].investigation_id,
findings[36].mesh_code,533903271
findings[36].metrics.population,3146
findings[36].metrics.straight_line_distance_m,733.777
findings[36].priority_rank,
findings[36].related_feature_id,fujisawa:533903271
findings[36].review_required,True
findings[36].source_contributions[0],e-Stat census 2020
findings[36].source_contributions[1],MHLW medical 2026
findings[36].source_contributions[2],PLATEAU 2025
findings[36].status,new
findings[36].summary,独立した閾値条件に該当した未検証の追加調査候補です。
findings[36].threshold_scope,within fujisawa; not comparable across cities
findings[36].thresholds.distance_p75_m,702.426
findings[36].thresholds.population_median,1481.0
findings[36].title,医療アクセス現地確認候補
findings[36].urban_state,fujisawa-2025-observed
findings[36].validation_status,unvalidated
findings[37].city_code,14205
findings[37].city_id,fujisawa
findings[37].claim_boundary,"review candidate only; not a shortage, risk, recommendation, or administrative priority"
findings[37].combined_score,
findings[37].decision_id,
findings[37].finding_id,finding-aab4713c6d4b51c8d837ea75
findings[37].finding_subtype,medical_access_review_candidate
findings[37].finding_type,accessibility_gap
findings[37].investigation_id,
findings[37].mesh_code,533903953
findings[37].metrics.population,1731
findings[37].metrics.straight_line_distance_m,1384.496
findings[37].priority_rank,
findings[37].related_feature_id,fujisawa:533903953
findings[37].review_required,True
findings[37].source_contributions[0],e-Stat census 2020
findings[37].source_contributions[1],MHLW medical 2026
findings[37].source_contributions[2],PLATEAU 2025
findings[37].status,new
findings[37].summary,独立した閾値条件に該当した未検証の追加調査候補です。
findings[37].threshold_scope,within fujisawa; not comparable across cities
findings[37].thresholds.distance_p75_m,702.426
findings[37].thresholds.population_median,1481.0
findings[37].title,医療アクセス現地確認候補
findings[37].urban_state,fujisawa-2025-observed
findings[37].validation_status,unvalidated
findings[38].city_code,14205
findings[38].city_id,fujisawa
findings[38].claim_boundary,"review candidate only; not a shortage, risk, recommendation, or administrative priority"
findings[38].combined_score,
findings[38].decision_id,
findings[38].finding_id,finding-ae367807a897f2d35d959484
findings[38].finding_subtype,medical_access_review_candidate
findings[38].finding_type,accessibility_gap
findings[38].investigation_id,
findings[38].mesh_code,533913081
findings[38].metrics.population,1483
findings[38].metrics.straight_line_distance_m,727.141
findings[38].priority_rank,
findings[38].related_feature_id,fujisawa:533913081
findings[38].review_required,True
findings[38].source_contributions[0],e-Stat census 2020
findings[38].source_contributions[1],MHLW medical 2026
findings[38].source_contributions[2],PLATEAU 2025
findings[38].status,new
findings[38].summary,独立した閾値条件に該当した未検証の追加調査候補です。
findings[38].threshold_scope,within fujisawa; not comparable across cities
findings[38].thresholds.distance_p75_m,702.426
findings[38].thresholds.population_median,1481.0
findings[38].title,医療アクセス現地確認候補
findings[38].urban_state,fujisawa-2025-observed
findings[38].validation_status,unvalidated
findings[39].city_code,14205
findings[39].city_id,fujisawa
findings[39].claim_boundary,"review candidate only; not a shortage, risk, recommendation, or administrative priority"
findings[39].combined_score,
findings[39].decision_id,
findings[39].finding_id,finding-b079306047ad2d9622839ead
findings[39].finding_subtype,medical_access_review_candidate
findings[39].finding_type,accessibility_gap
findings[39].investigation_id,
findings[39].mesh_code,533913054
findings[39].metrics.population,2368
findings[39].metrics.straight_line_distance_m,1734.57
findings[39].priority_rank,
findings[39].related_feature_id,fujisawa:533913054
findings[39].review_required,True
findings[39].source_contributions[0],e-Stat census 2020
findings[39].source_contributions[1],MHLW medical 2026
findings[39].source_contributions[2],PLATEAU 2025
findings[39].status,new
findings[39].summary,独立した閾値条件に該当した未検証の追加調査候補です。
findings[39].threshold_scope,within fujisawa; not comparable across cities
findings[39].thresholds.distance_p75_m,702.426
findings[39].thresholds.population_median,1481.0
findings[39].title,医療アクセス現地確認候補
findings[39].urban_state,fujisawa-2025-observed
findings[39].validation_status,unvalidated
findings[40].city_code,14205
findings[40].city_id,fujisawa
findings[40].claim_boundary,"review candidate only; not a shortage, risk, recommendation, or administrative priority"
findings[40].combined_score,
findings[40].decision_id,
findings[40].finding_id,finding-b7f22a1bbccda49aa05d738d
findings[40].finding_subtype,activity_service_gap_candidate
findings[40].finding_type,activity_service_gap_candidate
findings[40].investigation_id,
findings[40].mesh_code,533913061
findings[40].metrics.medical_straight_line_distance_m,1007.786
findings[40].metrics.published_employees,790
findings[40].metrics.transport_straight_line_distance_m,473.323
findings[40].priority_rank,
findings[40].related_feature_id,fujisawa:533913061
findings[40].review_required,True
findings[40].source_contributions[0],Economic Census 2021
findings[40].source_contributions[1],MHLW medical 2026
findings[40].source_contributions[2],MLIT P11 2022
findings[40].status,new
findings[40].summary,独立した閾値条件に該当した未検証の追加調査候補です。
findings[40].threshold_scope,within fujisawa; not comparable across cities
findings[40].thresholds.employees_p75,553.75
findings[40].thresholds.medical_distance_p75_m,708.548
findings[40].thresholds.transport_distance_p75_m,363.398
findings[40].title,活動・サービス文脈確認候補
findings[40].urban_state,fujisawa-2025-observed
findings[40].validation_status,unvalidated
findings[41].city_code,14205
findings[41].city_id,fujisawa
findings[41].claim_boundary,"review candidate only; not a shortage, risk, recommendation, or administrative priority"
findings[41].combined_score,
findings[41].decision_id,
findings[41].finding_id,finding-c5df05c682d60aa1e5a782c5
findings[41].finding_subtype,care_access_review_candidate
findings[41].finding_type,care_access_review_candidate
findings[41].investigation_id,
findings[41].mesh_code,533903961
findings[41].metrics.elderly_population,646.0
findings[41].metrics.experimental_transport_network_distance_m,308.51
findings[41].metrics.straight_line_distance_m,419.515
findings[41].priority_rank,
findings[41].related_feature_id,fujisawa:533903961
findings[41].review_required,True
findings[41].source_contributions[0],e-Stat census 2020
findings[41].source_contributions[1],MHLW care 2026
findings[41].source_contributions[2],PLATEAU 2025 experimental graph
findings[41].status,new
findings[41].summary,独立した閾値条件に該当した未検証の追加調査候補です。
findings[41].threshold_scope,within fujisawa; not comparable across cities
findings[41].thresholds.distance_p65_m,405.367
findings[41].thresholds.elderly_p65,531.2
findings[41].thresholds.network_transport_median_m,276.191
findings[41].title,介護アクセス現地確認候補
findings[41].urban_state,fujisawa-2025-observed
findings[41].validation_status,unvalidated
findings[42].city_code,14205
findings[42].city_id,fujisawa
findings[42].claim_boundary,"review candidate only; not a shortage, risk, recommendation, or administrative priority"
findings[42].combined_score,
findings[42].decision_id,
findings[42].finding_id,finding-cb7a03419c4779ddd32cece0
findings[42].finding_subtype,activity_service_gap_candidate
findings[42].finding_type,activity_service_gap_candidate
findings[42].investigation_id,
findings[42].mesh_code,533904111
findings[42].metrics.medical_straight_line_distance_m,1032.042
findings[42].metrics.published_employees,1633
findings[42].metrics.transport_straight_line_distance_m,427.276
findings[42].priority_rank,
findings[42].related_feature_id,fujisawa:533904111
findings[42].review_required,True
findings[42].source_contributions[0],Economic Census 2021
findings[42].source_contributions[1],MHLW medical 2026
findings[42].source_contributions[2],MLIT P11 2022
findings[42].status,new
findings[42].summary,独立した閾値条件に該当した未検証の追加調査候補です。
findings[42].threshold_scope,within fujisawa; not comparable across cities
findings[42].thresholds.employees_p75,553.75
findings[42].thresholds.medical_distance_p75_m,708.548
findings[42].thresholds.transport_distance_p75_m,363.398
findings[42].title,活動・サービス文脈確認候補
findings[42].urban_state,fujisawa-2025-observed
findings[42].validation_status,unvalidated
findings[43].city_code,14205
findings[43].city_id,fujisawa
findings[43].claim_boundary,"review candidate only; not a shortage, risk, recommendation, or administrative priority"
findings[43].combined_score,
findings[43].decision_id,
findings[43].finding_id,finding-cd727a0baf81895dbc3349b9
findings[43].finding_subtype,medical_access_review_candidate
findings[43].finding_type,accessibility_gap
findings[43].investigation_id,
findings[43].mesh_code,533913083
findings[43].metrics.population,1908
findings[43].metrics.straight_line_distance_m,938.802
findings[43].priority_rank,
findings[43].related_feature_id,fujisawa:533913083
findings[43].review_required,True
findings[43].source_contributions[0],e-Stat census 2020
findings[43].source_contributions[1],MHLW medical 2026
findings[43].source_contributions[2],PLATEAU 2025
findings[43].status,new
findings[43].summary,独立した閾値条件に該当した未検証の追加調査候補です。
findings[43].threshold_scope,within fujisawa; not comparable across cities
findings[43].thresholds.distance_p75_m,702.426
findings[43].thresholds.population_median,1481.0
findings[43].title,医療アクセス現地確認候補
findings[43].urban_state,fujisawa-2025-observed
findings[43].validation_status,unvalidated
findings[44].city_code,14205
findings[44].city_id,fujisawa
findings[44].claim_boundary,"review candidate only; not a shortage, risk, recommendation, or administrative priority"
findings[44].combined_score,
findings[44].decision_id,
findings[44].finding_id,finding-cf6b67e0999804fd697974ae
findings[44].finding_subtype,activity_service_gap_candidate
findings[44].finding_type,activity_service_gap_candidate
findings[44].investigation_id,
findings[44].mesh_code,533903051
findings[44].metrics.medical_straight_line_distance_m,291.596
findings[44].metrics.published_employees,743
findings[44].metrics.transport_straight_line_distance_m,505.427
findings[44].priority_rank,
findings[44].related_feature_id,fujisawa:533903051
findings[44].review_required,True
findings[44].source_contributions[0],Economic Census 2021
findings[44].source_contributions[1],MHLW medical 2026
findings[44].source_contributions[2],MLIT P11 2022
findings[44].status,new
findings[44].summary,独立した閾値条件に該当した未検証の追加調査候補です。
findings[44].threshold_scope,within fujisawa; not comparable across cities
findings[44].thresholds.employees_p75,553.75
findings[44].thresholds.medical_distance_p75_m,708.548
findings[44].thresholds.transport_distance_p75_m,363.398
findings[44].title,活動・サービス文脈確認候補
findings[44].urban_state,fujisawa-2025-observed
findings[44].validation_status,unvalidated
findings[45].city_code,14205
findings[45].city_id,fujisawa
findings[45].claim_boundary,"review candidate only; not a shortage, risk, recommendation, or administrative priority"
findings[45].combined_score,
findings[45].decision_id,
findings[45].finding_id,finding-d3392f55df2d561a1a419353
findings[45].finding_subtype,activity_service_gap_candidate
findings[45].finding_type,activity_service_gap_candidate
findings[45].investigation_id,
findings[45].mesh_code,533903872
findings[45].metrics.medical_straight_line_distance_m,341.638
findings[45].metrics.published_employees,621
findings[45].metrics.transport_straight_line_distance_m,387.906
findings[45].priority_rank,
findings[45].related_feature_id,fujisawa:533903872
findings[45].review_required,True
findings[45].source_contributions[0],Economic Census 2021
findings[45].source_contributions[1],MHLW medical 2026
findings[45].source_contributions[2],MLIT P11 2022
findings[45].status,new
findings[45].summary,独立した閾値条件に該当した未検証の追加調査候補です。
findings[45].threshold_scope,within fujisawa; not comparable across cities
findings[45].thresholds.employees_p75,553.75
findings[45].thresholds.medical_distance_p75_m,708.548
findings[45].thresholds.transport_distance_p75_m,363.398
findings[45].title,活動・サービス文脈確認候補
findings[45].urban_state,fujisawa-2025-observed
findings[45].validation_status,unvalidated
findings[46].city_code,14205
findings[46].city_id,fujisawa
findings[46].claim_boundary,"review candidate only; not a shortage, risk, recommendation, or administrative priority"
findings[46].combined_score,
findings[46].decision_id,
findings[46].finding_id,finding-edb7de1e25f81cdf18ed91bc
findings[46].finding_subtype,medical_access_review_candidate
findings[46].finding_type,accessibility_gap
findings[46].investigation_id,
findings[46].mesh_code,533904111
findings[46].metrics.population,2220
findings[46].metrics.straight_line_distance_m,1032.042
findings[46].priority_rank,
findings[46].related_feature_id,fujisawa:533904111
findings[46].review_required,True
findings[46].source_contributions[0],e-Stat census 2020
findings[46].source_contributions[1],MHLW medical 2026
findings[46].source_contributions[2],PLATEAU 2025
findings[46].status,new
findings[46].summary,独立した閾値条件に該当した未検証の追加調査候補です。
findings[46].threshold_scope,within fujisawa; not comparable across cities
findings[46].thresholds.distance_p75_m,702.426
findings[46].thresholds.population_median,1481.0
findings[46].title,医療アクセス現地確認候補
findings[46].urban_state,fujisawa-2025-observed
findings[46].validation_status,unvalidated
findings[47].city_code,14205
findings[47].city_id,fujisawa
findings[47].claim_boundary,"review candidate only; not a shortage, risk, recommendation, or administrative priority"
findings[47].combined_score,
findings[47].decision_id,
findings[47].finding_id,finding-ef456f0017899f0d8374b3a9
findings[47].finding_subtype,medical_access_review_candidate
findings[47].finding_type,accessibility_gap
findings[47].investigation_id,
findings[47].mesh_code,533903963
findings[47].metrics.population,1739
findings[47].metrics.straight_line_distance_m,872.261
findings[47].priority_rank,
findings[47].related_feature_id,fujisawa:533903963
findings[47].review_required,True
findings[47].source_contributions[0],e-Stat census 2020
findings[47].source_contributions[1],MHLW medical 2026
findings[47].source_contributions[2],PLATEAU 2025
findings[47].status,new
findings[47].summary,独立した閾値条件に該当した未検証の追加調査候補です。
findings[47].threshold_scope,within fujisawa; not comparable across cities
findings[47].thresholds.distance_p75_m,702.426
findings[47].thresholds.population_median,1481.0
findings[47].title,医療アクセス現地確認候補
findings[47].urban_state,fujisawa-2025-observed
findings[47].validation_status,unvalidated
findings[48].city_code,14205
findings[48].city_id,fujisawa
findings[48].claim_boundary,"review candidate only; not a shortage, risk, recommendation, or administrative priority"
findings[48].combined_score,
findings[48].decision_id,
findings[48].finding_id,finding-f1966d60eda4fe3a43feafee
findings[48].finding_subtype,activity_service_gap_candidate
findings[48].finding_type,activity_service_gap_candidate
findings[48].investigation_id,
findings[48].mesh_code,533903871
findings[48].metrics.medical_straight_line_distance_m,224.095
findings[48].metrics.published_employees,568
findings[48].metrics.transport_straight_line_distance_m,380.327
findings[48].priority_rank,
findings[48].related_feature_id,fujisawa:533903871
findings[48].review_required,True
findings[48].source_contributions[0],Economic Census 2021
findings[48].source_contributions[1],MHLW medical 2026
findings[48].source_contributions[2],MLIT P11 2022
findings[48].status,new
findings[48].summary,独立した閾値条件に該当した未検証の追加調査候補です。
findings[48].threshold_scope,within fujisawa; not comparable across cities
findings[48].thresholds.employees_p75,553.75
findings[48].thresholds.medical_distance_p75_m,708.548
findings[48].thresholds.transport_distance_p75_m,363.398
findings[48].title,活動・サービス文脈確認候補
findings[48].urban_state,fujisawa-2025-observed
findings[48].validation_status,unvalidated
findings[49].city_code,14205
findings[49].city_id,fujisawa
findings[49].claim_boundary,"review candidate only; not a shortage, risk, recommendation, or administrative priority"
findings[49].combined_score,
findings[49].decision_id,
findings[49].finding_id,finding-f1fa8ff31f6096794e803de4
findings[49].finding_subtype,medical_access_review_candidate
findings[49].finding_type,accessibility_gap
findings[49].investigation_id,
findings[49].mesh_code,523973853
findings[49].metrics.population,2048
findings[49].metrics.straight_line_distance_m,1056.476
findings[49].priority_rank,
findings[49].related_feature_id,fujisawa:523973853
findings[49].review_required,True
findings[49].source_contributions[0],e-Stat census 2020
findings[49].source_contributions[1],MHLW medical 2026
findings[49].source_contributions[2],PLATEAU 2025
findings[49].status,new
findings[49].summary,独立した閾値条件に該当した未検証の追加調査候補です。
findings[49].threshold_scope,within fujisawa; not comparable across cities
findings[49].thresholds.distance_p75_m,702.426
findings[49].thresholds.population_median,1481.0
findings[49].title,医療アクセス現地確認候補
findings[49].urban_state,fujisawa-2025-observed
findings[49].validation_status,unvalidated
generation_method,deterministic structured export
human_workflow.decisions_created,False
human_workflow.investigation_templates[0].city_id,maizuru
human_workflow.investigation_templates[0].creation_status,not_created_requires_human
human_workflow.investigation_templates[0].related_finding_ids[0],finding-0ce0dd4935e26ce0d846bd55
human_workflow.investigation_templates[0].related_finding_ids[1],finding-2bf32b39e9b95dad49ade60c
human_workflow.investigation_templates[0].related_finding_ids[2],finding-34be237d5e460bdeec9fcec6
human_workflow.investigation_templates[0].related_finding_ids[3],finding-3609bea6ccee8252f5422c22
human_workflow.investigation_templates[0].related_finding_ids[4],finding-396b9c2cbf069c528e289625
human_workflow.investigation_templates[0].related_finding_ids[5],finding-3c88fd71f8e6d1760064d520
human_workflow.investigation_templates[0].related_finding_ids[6],finding-6333afb2eb491a8db309d182
human_workflow.investigation_templates[0].related_finding_ids[7],finding-681cbd4532a42707569e8317
human_workflow.investigation_templates[0].related_finding_ids[8],finding-694a082cb96381ac668aef85
human_workflow.investigation_templates[0].related_finding_ids[9],finding-7725800c516aa5fa3e6f6685
human_workflow.investigation_templates[0].related_finding_ids[10],finding-7941acbdf38ae115203ee902
human_workflow.investigation_templates[0].related_finding_ids[11],finding-cbf1e69772ba9081b226a029
human_workflow.investigation_templates[0].related_finding_ids[12],finding-e31d1d4812e1d7d8238b4032
human_workflow.investigation_templates[0].related_finding_ids[13],finding-e87a20a4e8f4907b9b462063
human_workflow.investigation_templates[0].related_finding_ids[14],finding-e98635ba03ba93cf313fb51b
human_workflow.investigation_templates[0].related_finding_ids[15],finding-f75c799eae223f22ae095b8a
human_workflow.investigation_templates[0].source_timeline_included,True
human_workflow.investigation_templates[1].city_id,fujisawa
human_workflow.investigation_templates[1].creation_status,not_created_requires_human
human_workflow.investigation_templates[1].related_finding_ids[0],finding-0015958f75939076ccb5f3ac
human_workflow.investigation_templates[1].related_finding_ids[1],finding-0140c0327a8f9fd6a3601e4d
human_workflow.investigation_templates[1].related_finding_ids[2],finding-019e81b1ddcacb9f154454e4
human_workflow.investigation_templates[1].related_finding_ids[3],finding-0ed8085e476de40cb187b999
human_workflow.investigation_templates[1].related_finding_ids[4],finding-183966c714139fa8617909d4
human_workflow.investigation_templates[1].related_finding_ids[5],finding-1d1b0e0c6cf47ab0daab50ae
human_workflow.investigation_templates[1].related_finding_ids[6],finding-1e6bd89c261c46960c4e6558
human_workflow.investigation_templates[1].related_finding_ids[7],finding-3058721a9a73f4c12eebc7b1
human_workflow.investigation_templates[1].related_finding_ids[8],finding-385bbcca5c0d9497640d2813
human_workflow.investigation_templates[1].related_finding_ids[9],finding-477e91457b301f9dbf81985a
human_workflow.investigation_templates[1].related_finding_ids[10],finding-4d987916316d316b48c905b0
human_workflow.investigation_templates[1].related_finding_ids[11],finding-67f3e781c7fb85f85e55c560
human_workflow.investigation_templates[1].related_finding_ids[12],finding-6af0eda13364bc8780284828
human_workflow.investigation_templates[1].related_finding_ids[13],finding-70cfa9356add01460efc531f
human_workflow.investigation_templates[1].related_finding_ids[14],finding-70de4161221b8f0d4dc49284
human_workflow.investigation_templates[1].related_finding_ids[15],finding-761287fd89b91b42b0803cbe
human_workflow.investigation_templates[1].related_finding_ids[16],finding-7daa95103dbc2f01a8f68838
human_workflow.investigation_templates[1].related_finding_ids[17],finding-83ab43f78075610193d39a01
human_workflow.investigation_templates[1].related_finding_ids[18],finding-989e54ca0e2b6aa13a2e781f
human_workflow.investigation_templates[1].related_finding_ids[19],finding-9e8e43426c86c1ebd68cff20
human_workflow.investigation_templates[1].related_finding_ids[20],finding-a6acff96ab78ac45ac7ad10e
human_workflow.investigation_templates[1].related_finding_ids[21],finding-aab4713c6d4b51c8d837ea75
human_workflow.investigation_templates[1].related_finding_ids[22],finding-ae367807a897f2d35d959484
human_workflow.investigation_templates[1].related_finding_ids[23],finding-b079306047ad2d9622839ead
human_workflow.investigation_templates[1].related_finding_ids[24],finding-b7f22a1bbccda49aa05d738d
human_workflow.investigation_templates[1].related_finding_ids[25],finding-c5df05c682d60aa1e5a782c5
human_workflow.investigation_templates[1].related_finding_ids[26],finding-cb7a03419c4779ddd32cece0
human_workflow.investigation_templates[1].related_finding_ids[27],finding-cd727a0baf81895dbc3349b9
human_workflow.investigation_templates[1].related_finding_ids[28],finding-cf6b67e0999804fd697974ae
human_workflow.investigation_templates[1].related_finding_ids[29],finding-d3392f55df2d561a1a419353
human_workflow.investigation_templates[1].related_finding_ids[30],finding-edb7de1e25f81cdf18ed91bc
human_workflow.investigation_templates[1].related_finding_ids[31],finding-ef456f0017899f0d8374b3a9
human_workflow.investigation_templates[1].related_finding_ids[32],finding-f1966d60eda4fe3a43feafee
human_workflow.investigation_templates[1].related_finding_ids[33],finding-f1fa8ff31f6096794e803de4
human_workflow.investigation_templates[1].source_timeline_included,True
human_workflow.investigations_created,False
human_workflow.next_action,authorized municipal user explicitly triages a finding before creating an investigation
limitations[0],"No universal quality, need, risk, or priority score is calculated."
limitations[1],MHLW point coordinates do not declare their horizontal datum; straight-line results require review.
limitations[2],The PLATEAU road graph is experimental and is not an official pedestrian network.
limitations[3],Employees are not treated as daytime population.
limitations[4],J-SHIS model values and historical accident counts do not create risk findings.
limitations[5],Mixed reference years remain visible and are not interpolated into a common date.
lineage.algorithm_version,municipal-open-data-analysis-1.0.0
lineage.analysis_artifact_sha256,7fe5cb7657f12eee7fa74e16bdc20fbcbd929e88d2069b342003eca20f5e55a7
lineage.canonical_raw_sha256[0],016fac4a1ba0a6df67c4cc0a2854d57a2c9dd8c22cb80fb1733b65d48988290e
lineage.canonical_raw_sha256[1],01efb5874e461cd2c67345d3064bfc4c050f85a7996f8fd67ed872d473f903e4
lineage.canonical_raw_sha256[2],0c7efe1ce8d7f6b41ab5fcb651870a8d8f55dfc8ffb19a6987286b412be1eb00
lineage.canonical_raw_sha256[3],0d9f62a4bfa3a225c4a5b02821edb0ca3353eb7fa895ccd6775eccf58db93981
lineage.canonical_raw_sha256[4],0dbf11775353782cb26164c62e504750a9766afe8e1b1b5f4c442b2ca4d0111d
lineage.canonical_raw_sha256[5],1261bcbfa567e3ca32522af4d73ec40e9860ff6a9460b2a11bb17fb2417ad1da
lineage.canonical_raw_sha256[6],139e6bf5ed47cc2ea5e3d8e85956fce52ffd0e9679b185f3ac801a07821c5117
lineage.canonical_raw_sha256[7],1585ea00b981df8c32d93850b2321a27053b8a9af3d46afc18df11af1f022727
lineage.canonical_raw_sha256[8],19ed2778131c86f8e824e1ade115cec53c42a9a2a21eb0c5e0dcc68474c5581b
lineage.canonical_raw_sha256[9],1fb8cb14f8eee8dacce3b26521abdd09b5175f31cb929efb8573a11487222cce
lineage.canonical_raw_sha256[10],227d83539c9711ac2e16a5996a4db20c90d2e84589605b5cd2572441e69112a2
lineage.canonical_raw_sha256[11],272dce70436267076b7ae7f0d66a43683675c058c5b6943597d1cdfc09da2dd9
lineage.canonical_raw_sha256[12],27cc63ed72913f95d8da48cef2287246bbfc6f25f414caa94fc226524d6eb87a
lineage.canonical_raw_sha256[13],2d90fa696319e3d1181636806fb723bc1d2a9d1c7c24e39903641a5ce5759441
lineage.canonical_raw_sha256[14],31b22939eee3b5cbc13003e71425a76791a9b48fdabeb1ee2b4f82d6d15d09b3
lineage.canonical_raw_sha256[15],37ba1e33312a6febb9998172e16006047b19afcca5961d34e85f59945878a507
lineage.canonical_raw_sha256[16],396d86dc90c82f2e9e8cbd7ea5b0a14f907464fe79183778f613f72f48b761ea
lineage.canonical_raw_sha256[17],3e76b83ba67379540830e7bd5adaa799c47d033a2c34b30390562602dc2be378
lineage.canonical_raw_sha256[18],4fa54cb485f6303c6b3f3cf2f38d37736997d3b4a4da9943b97d59fd8c5171bb
lineage.canonical_raw_sha256[19],584bf963fd615e08a787202cf531a794898ccc2f4ba883f75758da0022c58ac4
lineage.canonical_raw_sha256[20],602be1310990fc557cfca8cda0e84494304e4df8581c1aca218b68327ebea2cf
lineage.canonical_raw_sha256[21],630bbbec80f9f2cafeb02a31727a6185e4617f20526a00d1f0580fefdbf841fc
lineage.canonical_raw_sha256[22],7c883bf5dde5a86c02e313f3814fd844201bbf7a8ddff1bfdb26881ea115b376
lineage.canonical_raw_sha256[23],8a774f25ea895bb51404cbf2a51cacd4b1c92d250cfd7556235dfc57e4a21f90
lineage.canonical_raw_sha256[24],9b873f66f9450cf29846c217ced56b902ce03b0d750a008e7d4911d353712d5c
lineage.canonical_raw_sha256[25],b1d91bb65daaa3554026fcdc6426f7440356018fc0e6e18042c40ff9f54ac2f5
lineage.canonical_raw_sha256[26],b416472ec52a151455e1c91438e0dec5b471e19eafe70e3e2ee1bb22544efe87
lineage.canonical_raw_sha256[27],b5ea71189da2276417c9bd2cbaa816ba7f0a305277ebc7d0e34df0166da5c7e1
lineage.canonical_raw_sha256[28],c16bda40f40c1f2083b04a123e051d9e55bc193d60cfeb2781efd08d3488e943
lineage.canonical_raw_sha256[29],caad416d9249b278fee64472ea073a8c2b31d7fff3a6d8267915f18803e756c0
lineage.canonical_raw_sha256[30],cbfbf417e98035d650c9aa1eb554e640e536b18c33dc19c79574cec52d76251a
lineage.canonical_raw_sha256[31],cd968b1c55938083bb2cb93862521995071c3f6a877f4d19efb7ac3cf658bd0b
lineage.canonical_raw_sha256[32],d961b7f7af045452b6c10e3a84117a760dcc1792f282f6c2c188b7502fc4c9be
lineage.canonical_raw_sha256[33],e2158d949e846068ad761be630269f46bec24718334fdf29dc6b65a1032c5340
lineage.canonical_raw_sha256[34],e53eacdbd9b4a11593cfe89f9a8b57a62f62a1e066751d42c73591b6818f9bf4
lineage.canonical_raw_sha256[35],e553e7c03d4cc5e2bf323952a56849362d76d72b0bc3d14479f3dcbda635dd57
lineage.canonical_raw_sha256[36],e5d137f29745065c7e3928210b8b6051058904a09a1ff4a29b10f63129e14717
lineage.canonical_raw_sha256[37],eeed6bed114791f42572fbb50429238100c581d115b23fee21a201589160abfb
lineage.canonical_raw_sha256[38],f36cf235d918a18ba8d5819909c7719dd9ab3e93948a739b86ebffff0070f659
lineage.canonical_raw_sha256[39],f795cbe93f5f25aecc2fccea7be872a2581085bd780c2edb4f045a948b3ebeb7
lineage.canonical_raw_sha256[40],f7c350410b0c1125ce973d25f6eb939107c8dc3920559976796a98f1a9830a59
lineage.canonical_raw_sha256[41],ffa6feeb9b7f37608fadb8f55b73a5fd9a67ad70b031d1df2d3fb35739a3d197
lineage.findings_artifact_sha256,055c933cab562a3a7435c8177a96bc2aaf08070444616f2e202122f0a1b42688
lineage.input_artifact_sha256.analysis/outputs/real/fujisawa_city_gap.geojson,4ba1fa7b76581c94579df3b59c64c3d85f69c98dbbe20445bb080b06680592a8
lineage.input_artifact_sha256.analysis/outputs/real/fujisawa_network_accessibility_meshes.csv,e9201e6a90450136454fef68f2b7321beec01c38accfc50856199dd6bf0f8385
lineage.input_artifact_sha256.analysis/outputs/real/fujisawa_plateau_detail_meshes.csv,6f1285ea4d7c7fa82337518c1c25ed7f8d61ad87107d60bc81944a13a8a53dae
lineage.input_artifact_sha256.analysis/outputs/real/maizuru_city_gap.geojson,c3d675fd1b92c4728cd09cfa2a9f003a5d02c6a85eca3fd53db9446fee2b722c
lineage.input_artifact_sha256.analysis/outputs/real/maizuru_network_accessibility_meshes.csv,1c0479bb3aaf17d6766fd4e12383176b57a3bb5a81e490078ef3daec2585fb38
lineage.input_artifact_sha256.analysis/outputs/real/maizuru_plateau_detail_meshes.csv,88704b37db89b1a3065b8522bb1cfac6ad27b1605dc880981908ca3dbfc97696
lineage.input_artifact_sha256.analysis/outputs/real/open_data/demographic_economic_canonical.jsonl,26db8c36899bb204254c6de79d3302afe5f21eb362e7bfa36975ec8840ea14f9
lineage.input_artifact_sha256.analysis/outputs/real/open_data/demographic_economic_source_report.json,d8fb5d26717600c477890c7e3676fd9607e57e308f4626584ea09fe50e94cd4c
lineage.input_artifact_sha256.analysis/outputs/real/open_data/geospatial_resilience_canonical.jsonl,575eb3db51b1399ca4727ccbabec369c5f3c0df15d4a0db1d920775af262539c
lineage.input_artifact_sha256.analysis/outputs/real/open_data/geospatial_resilience_source_report.json,92e201e8db56d1e93fec77fb4ca1bf4c7e9dfe8988e00264619b44bebf36cdd4
lineage.input_artifact_sha256.analysis/outputs/real/open_data/mhlw_health_canonical.jsonl,a739cd36ff43941f6731f35669c6a6d55c18c5d1526aa55e6d4a116e0333574e
lineage.input_artifact_sha256.analysis/outputs/real/open_data/mhlw_health_source_report.json,78f259b0b58beb090918a892f731953ecd4af75931248eebb8cc613ee019bdb8
missing_data[0].cities[0],maizuru
missing_data[0].cities[1],fujisawa
missing_data[0].dataset_family,official_pedestrian_network
missing_data[0].reason,outside_coverage
missing_data[0].status,unavailable
missing_data[1].cities[0],maizuru
missing_data[1].cities[1],fujisawa
missing_data[1].dataset_family,social_participation
missing_data[1].reason,no_qualified_official_source
missing_data[1].status,unavailable
missing_data[2].cities[0],maizuru
missing_data[2].cities[1],fujisawa
missing_data[2].dataset_family,traffic_volume
missing_data[2].reason,no_stable_matching_snapshot
missing_data[2].status,unavailable
missing_data[3].cities[0],maizuru
missing_data[3].cities[1],fujisawa
missing_data[3].dataset_family,gtfs
missing_data[3].reason,not_published
missing_data[3].status,unavailable
missing_data[4].cities[0],maizuru
missing_data[4].cities[1],fujisawa
missing_data[4].dataset_family,gsi_foundation_map
missing_data[4].reason,credentials_and_survey_act_review
missing_data[4].status,requires_review
public_distribution,False
review_status,unvalidated_review_candidates
schema_version,municipal-open-data-evidence-1.0.0
source_contributions[0].analysis_id,medical-access-v2
source_contributions[0].sources[0],e-Stat census 2020
source_contributions[0].sources[1],MHLW medical 2026
source_contributions[0].sources[2],PLATEAU 2025
source_contributions[0].sources[3],experimental graph/P04 2020 shown separately
source_contributions[1].analysis_id,care-access
source_contributions[1].sources[0],e-Stat census 2020
source_contributions[1].sources[1],MHLW care 2026
source_contributions[1].sources[2],PLATEAU 2025
source_contributions[1].sources[3],experimental transport graph context
source_contributions[2].analysis_id,future-population-spatial
source_contributions[2].sources[0],MLIT R6 official trial projection 250m
source_contributions[2].sources[1],audited 500m mesh
source_contributions[2].sources[2],PLATEAU spatial context
source_contributions[3].analysis_id,daytime-activity-context
source_contributions[3].sources[0],Economic Census 2021
source_contributions[3].sources[1],MHLW medical 2026
source_contributions[3].sources[2],MLIT P11 2022
source_contributions[4].analysis_id,earthquake-ground-context
source_contributions[4].sources[0],J-SHIS V4 2020
source_contributions[4].sources[1],audited 500m mesh
source_contributions[5].analysis_id,historical-traffic-safety-context
source_contributions[5].sources[0],NPA 2024 annual file
source_contributions[5].sources[1],audited 500m mesh
source_timeline.fujisawa[0].reference_period,2020
source_timeline.fujisawa[0].role,observed mesh population and disclosure controls
source_timeline.fujisawa[0].source_family,census_population
source_timeline.fujisawa[1].reference_period,2020
source_timeline.fujisawa[1].role,modeled ground context
source_timeline.fujisawa[1].source_family,jshis_surface_ground
source_timeline.fujisawa[2].reference_period,2021
source_timeline.fujisawa[2].role,establishment and employee observations; employees are not daytime population
source_timeline.fujisawa[2].source_family,economic_census
source_timeline.fujisawa[3].reference_period,2022
source_timeline.fujisawa[3].role,straight-line transport-point context
source_timeline.fujisawa[3].source_family,mlit_p11_transport_points
source_timeline.fujisawa[4].reference_period,2023/2024 occurrence dates in 2024 annual file
source_timeline.fujisawa[4].role,historical injury/fatal accident context
source_timeline.fujisawa[4].source_family,npa_traffic_accident
source_timeline.fujisawa[4].unmatched_records,4
source_timeline.fujisawa[5].reference_period,2025
source_timeline.fujisawa[5].role,primary spatial model and experimental graph context
source_timeline.fujisawa[5].source_family,plateau
source_timeline.fujisawa[6].reference_period,2025/2050/2070 official trial projection years
source_timeline.fujisawa[6].role,internal 250m-to-500m spatial comparison
source_timeline.fujisawa[6].source_family,mlit_future_population
source_timeline.fujisawa[7].reference_period,2026-06-01
source_timeline.fujisawa[7].role,published facility and department snapshot; current acceptance unknown
source_timeline.fujisawa[7].source_family,mhlw_medical
source_timeline.fujisawa[8].reference_period,2026-06-30
source_timeline.fujisawa[8].role,published establishment snapshot; current capacity and eligibility unknown
source_timeline.fujisawa[8].source_family,mhlw_care
source_timeline.maizuru[0].reference_period,2020
source_timeline.maizuru[0].role,observed mesh population and disclosure controls
source_timeline.maizuru[0].source_family,census_population
source_timeline.maizuru[1].reference_period,2020
source_timeline.maizuru[1].role,modeled ground context
source_timeline.maizuru[1].source_family,jshis_surface_ground
source_timeline.maizuru[2].reference_period,2021
source_timeline.maizuru[2].role,establishment and employee observations; employees are not daytime population
source_timeline.maizuru[2].source_family,economic_census
source_timeline.maizuru[3].reference_period,2022
source_timeline.maizuru[3].role,straight-line transport-point context
source_timeline.maizuru[3].source_family,mlit_p11_transport_points
source_timeline.maizuru[4].reference_period,2023/2024 occurrence dates in 2024 annual file
source_timeline.maizuru[4].role,historical injury/fatal accident context
source_timeline.maizuru[4].source_family,npa_traffic_accident
source_timeline.maizuru[4].unmatched_records,1
source_timeline.maizuru[5].reference_period,2025
source_timeline.maizuru[5].role,primary spatial model and experimental graph context
source_timeline.maizuru[5].source_family,plateau
source_timeline.maizuru[6].reference_period,2025/2050/2070 official trial projection years
source_timeline.maizuru[6].role,internal 250m-to-500m spatial comparison
source_timeline.maizuru[6].source_family,mlit_future_population
source_timeline.maizuru[7].reference_period,2026-06-01
source_timeline.maizuru[7].role,published facility and department snapshot; current acceptance unknown
source_timeline.maizuru[7].source_family,mhlw_medical
source_timeline.maizuru[8].reference_period,2026-06-30
source_timeline.maizuru[8].role,published establishment snapshot; current capacity and eligibility unknown
source_timeline.maizuru[8].source_family,mhlw_care
urban_states[0],maizuru-2025-observed
urban_states[1],fujisawa-2025-observed
