citywide_screening_rank,mesh_code,label,residential_buildings,estimated_elderly,centroid_transport,weighted_transport_mean,weighted_transport_p90,centroid_medical,weighted_medical_mean,weighted_medical_p90
1,533913073,県営サンハイツ渋谷前周辺,718,921.0,592.5779838626122,593.1334862653118,729.4186917917573,734.0378484741622,740.1351231517112,893.0981450257684
10,533903271,中郷周辺,611,459.0,270.3600681716386,216.7763733601759,366.2190044853333,733.0907143776949,609.0191391510701,689.1817653124218
100,533903962,住宅前周辺,477,429.0,167.88159678382883,118.58377283817082,231.64759121033404,291.803480598792,322.96517216748265,520.405632010954
101,523973983,高瀬通り周辺,1007,685.0,196.03633010798265,152.47215749128512,224.9592197781391,176.6292063084683,233.51066592359064,394.0384372233772
102,533903354,ライフタウン中央周辺,313,613.0,138.91027360530202,172.98027245926414,291.88668351703444,289.7711721460254,283.82990467114024,444.200035697526
103,523973981,上岡周辺,1004,677.0,154.76803147049003,174.69048268937328,312.5307421430542,228.76730425962015,241.19253752267824,344.7668378807037
104,533903483,亀井野公園周辺,128,64.0,583.5026893652231,536.5403563476975,698.4364029525838,588.5335896679918,587.3751085874195,653.6374751667249
105,533903681,雲昌寺周辺,712,558.0,112.5254833956129,144.77239818291707,238.30305862442242,443.35680210521,405.5707629963556,643.1398166255071
106,533903724,宮原周辺,346,313.0,182.17528114920617,221.2382232154894,348.10145246237727,297.633041395837,245.38324628649892,325.27351792399924
107,533903833,用田周辺,338,213.0,259.2986497158803,162.82063431709412,293.37656200543364,245.03770237538117,223.3253397582017,341.16931194389207
108,533903863,下土棚周辺,163,91.00000000000001,202.84049769628845,247.700062789441,394.67364129930064,727.0225196762667,734.1966141834928,808.803688650678
109,533903754,菖蒲沢団地周辺,152,177.0,247.55267063822842,168.25551863117212,243.66695795406216,303.4850845910409,240.65349769505318,395.6323558917168
11,533903062,新町三丁目周辺,1015,696.0,316.1490705585988,240.83599499166647,342.7714821673522,349.1072057971764,295.2245170389165,432.943526694853
110,533903944,長坂上周辺,2,65.0,285.1368252057054,259.441944205167,259.141440322821,1117.3987977768977,1036.3845938353875,1036.0278673994862
111,533903572,西谷周辺,92,108.00000000000001,573.6666339240022,623.2117805004474,765.3439322086481,282.4640470608586,190.2690188824959,263.625260491697
112,523973991,柳小路周辺,596,538.0,306.5293250111335,261.91550850976364,421.9254413247054,139.08504142319,168.39680942539087,286.58262587027633
113,533903072,藤沢警察署前周辺,644,362.0,195.79532362855898,151.54614533160174,221.74232909026642,243.46450220633827,215.17513600526812,343.60907501961424
114,533903294,柄沢大上周辺,681,499.0,211.7145674022075,200.58019430357933,275.11100924874586,192.61887839641878,230.90481082984658,387.1539746534181
115,533903932,松葉周辺,103,131.0,560.3400650712437,496.9923636154492,609.1446054401825,239.0031326249331,182.39529576174482,286.4282842840331
116,533904102,高谷小学校入口周辺,455,278.0,279.14430469482716,200.59447262697196,302.31782751329536,205.91991440269751,360.7953079147772,468.49410265952673
117,533903621,獺郷周辺,92,74.00000000000001,422.2923357726906,411.39544512533354,594.8146957106298,404.4534411177622,436.5593095748692,607.5662043240161
118,533903172,上村周辺,540,427.0,151.68788315158682,138.1040859664185,225.72440204110774,300.2877372035671,349.5701393913484,490.7707023323018
119,533903852,菖蒲沢団地周辺,76,119.00000000000001,254.69862720389048,122.52356688463064,178.15003911945053,325.48867579585175,226.5571132716845,320.06548823429625
12,533913071,藤沢湘南台病院前周辺,678,491.0,613.6752101052593,528.2072446755702,660.6560372262662,389.30687959923887,357.92287364690446,564.5502835556952
120,523973984,石上周辺,993,829.0,174.01213963056128,155.72328669852138,264.0132140931086,164.812685878072,167.4299165166829,309.12106974505633
121,533903742,藤沢ジャンボゴルフ前周辺,124,66.00000000000001,442.04169459020557,364.63994493591906,436.579926184155,420.7292218645511,440.96506626718366,620.1770676431884
122,533904002,村岡宮前周辺,500,351.0,141.65447385602863,169.7614606370358,295.99876136515536,343.75591760331423,241.99402548762458,343.56424206808447
123,533903482,新田周辺,397,240.99999999999997,136.20108830585139,152.08715847463827,312.438825438222,451.7758479680025,434.16543033409164,565.3001008259151
124,533903832,御所見中学校前周辺,328,243.00000000000003,128.83412552164148,156.6726679931008,227.45112265895727,502.38945168727173,385.1204325235592,586.0710275045675
125,533903843,宮下周辺,109,55.000000000000014,411.23478192322864,259.5240664109362,444.84396792627996,493.6650750381428,487.7072725017272,611.1882476486861
126,533913041,天沼周辺,5,43.99999999999999,357.3993160649242,540.4880789772762,556.8763037520768,1127.9535676319974,1009.0810014689326,1183.6593163078026
127,533903563,和泉橋周辺,553,406.0,110.07226802342532,154.84502447598015,233.84008090869784,440.4684045503336,401.6935943064962,479.5035056336184
128,533903853,葛原周辺,294,195.0,123.84056866435482,154.92723206929077,231.67767237112255,607.1590348846299,533.3740766581293,780.4495365800865
129,533903654,文化体育館前周辺,372,375.0,134.8836113420657,173.44417060101244,241.63129456165257,311.6664596210102,208.7416843376657,337.12203388622873
13,533903972,住宅前周辺,623,370.0,426.88101779100356,400.35155138115704,541.1410615442934,532.217866828218,455.311235359809,605.9186874893019
130,533903173,引地橋周辺,419,275.0,120.94486231108303,147.26890143608549,261.49800302431663,477.0453408271802,411.3665777449156,578.5240027951972
131,523973952,高砂周辺,639,722.0,87.50938748203582,159.7460354011676,248.17464843973832,382.46170834850165,267.9927884223618,354.99406652249075
132,533903743,菖蒲沢周辺,86,53.999999999999986,235.1879642800739,127.35601275141255,202.02730323624982,821.9647868232088,694.4237578875395,747.7539744554521
133,523973993,県合同庁舎前周辺,89,200.0,268.4611976653172,182.92057296453766,272.112157072228,191.7848049010279,252.41437598813096,414.17930052919274
135,533903472,善行台周辺,843,618.0,113.32282013922428,160.1229900488859,276.9269971045811,276.9856780172477,270.0926122978945,435.4798281661865
136,533903942,宮下周辺,83,43.00000000000001,322.8857120300461,146.17012381027703,250.10294204967866,834.8397586641892,692.9716781513271,745.6223088448116
137,533903463,石川橋周辺,405,199.0,131.00946698693008,140.6780963771571,213.56241355464593,431.79148338199593,336.4618805118118,429.2410361853873
138,533903161,羽鳥山周辺,837,882.0000000000001,198.4336118746972,132.1085574391211,206.8021307137373,107.56572328855657,149.91170773483293,235.79059935823122
139,533903824,西用田周辺,162,109.0,139.97912162014714,112.25873141656551,188.64192437645818,631.5934797185503,480.30814971430135,561.2404890938989
14,533903671,天神町2号周辺,741,432.0,453.2822549919005,398.9506410477261,513.1538831252981,456.23310756097834,375.2009759146954,480.0182230788261
140,533903642,宝泉寺周辺,168,76.0,294.24010680410447,199.17399441080943,291.2300742557827,319.16612363092946,286.4341983517702,404.0739001542105
141,533903662,石川山田周辺,238,185.0,258.45659416046124,251.57528309265209,323.33910664709316,196.36971466652912,174.32340838915619,303.41642909144736
142,523973774,公園西部駐車場前周辺,79,113.00000000000001,167.48707256837494,96.81993405790332,164.87612901396346,392.57908603599606,274.0861229883172,325.018339795719
143,523973882,新屋敷周辺,849,696.0,151.0486010746912,170.60721673128623,286.02141629009895,161.78539085716434,145.5803319222029,268.06614406049084
144,523973782,片瀬江ノ島周辺,508,633.0,179.36785087116442,157.20597722658502,284.6325528181864,134.56331624158034,153.9276591010637,253.86605039249386
145,533903174,湘南高校前周辺,730,582.0,160.45339212316287,134.81604634073378,215.252224792763,171.13929612323653,155.78390549336436,248.576435458378
146,533903822,中原周辺,361,305.0,198.3035791638195,211.32042508506615,302.8127683031869,185.72885489024796,264.00022990209936,399.561645489867
147,523973862,湘洋中学校前周辺,485,367.0,133.53469117933864,201.4694144734923,286.15972710733456,267.3597578337018,255.64455491576777,447.12220358584705
148,533903624,獺郷公民館前周辺,69,45.0,299.38598263751805,226.199650547129,353.4080620395707,512.20339838052,359.6846448705867,460.6649266621296
149,533904001,小塚地下道前周辺,202,361.0,143.02979292326427,137.19441425747485,233.87022212087894,242.71185224264718,224.02471071256494,365.3733411922687
15,533903081,鵠沼小学校前周辺,973,653.0,337.06033246113634,250.25319592358574,360.1040488799072,338.1145791729482,318.3977006960031,448.2198842343079
150,533903461,北の谷周辺,285,308.0,121.03763330123492,134.0504445298515,189.29876906291062,335.9244932061764,201.49906150426298,300.31408864227404
151,533903542,南原周辺,301,243.0,186.39349784760293,121.90232643086779,185.50720565486617,200.70333707034376,231.9429593028102,363.75580803475617
152,533903383,渋沢台周辺,589,696.0,155.46285371495995,146.25405150001544,231.33779203822368,130.31607376957407,164.85541570352586,243.58247848989512
153,533903574,西谷周辺,536,459.99999999999994,257.9603322226671,254.25929571234238,428.5616552425155,111.71966164482643,151.3764568411535,263.8685694917783
154,533903273,関東航空前周辺,156,90.0,174.62778357704263,70.49188186793977,106.1359505615565,393.25911825255014,482.51965612602055,582.2788965807831
155,523973853,辻堂西海岸周辺,116,641.9999999999999,84.58643695241283,92.89669396220765,132.35762623655486,355.64627446586957,262.33965277283403,312.8196602519335
156,523973781,西浜周辺,163,139.0,124.4094554517296,136.81177298719768,210.36787965163603,452.6254778735394,310.56768077894816,381.4970106037098
157,533903623,獺郷周辺,205,195.99999999999997,96.29997761709623,121.79518795241967,239.34386375183706,640.4240429266334,560.6971686335861,687.883936812314
158,533903283,聖園女学院前周辺,515,479.0,85.91819774563376,150.0903506224316,254.97934824391928,409.1088414674474,327.45617916956695,416.7209401169578
159,523973854,交通公園前周辺,160,847.0,63.50867188050245,115.10706247695731,180.11936428519306,413.4520459001422,322.7847394527069,454.96059019388224
16,533903373,マーケット前周辺,719,1149.0,284.47342696597457,183.16001825495007,270.9187271582363,301.25691518138433,240.02220214009398,417.02816828430844
160,533903094,弥勒寺周辺,707,662.0,152.81026602956462,126.90570810402124,199.88066732313806,123.23653231038966,155.07743713263443,255.67813166221794
161,533903591,西俣野周辺,137,50.0,185.32794783464018,179.0845021323306,286.230480190008,638.1004383591296,582.5015776691127,711.3126205105267
162,523973793,目白山下周辺,341,337.0,99.375351244285,181.61756547057627,271.3659507497155,363.622548510863,266.8663513878241,387.40148121222876
163,533903753,仲之桜周辺,270,292.0,115.63273843405379,130.83577641992687,244.62848888254868,302.40322450722124,346.4570681126236,507.35400818707825
164,533903664,桐ヶ谷周辺,375,581.0,100.01991776712039,156.0603712710434,231.25613841752923,238.0537781043877,239.32046431631227,362.6958722116275
165,533903931,用田神社入口周辺,213,187.0,187.96591095131546,193.69384437784925,314.1067938748103,187.41148527122422,294.41433360227694,434.0054593059055
166,533904201,慈眼寺周辺,519,632.0,120.13168206387378,124.42448404676455,186.96298121633396,172.85160645943526,187.7052209256331,282.7884994971536
167,533903861,下土棚周辺,58,40.00000000000001,600.2269217485841,506.2482017668193,552.7200306402509,365.2824514482825,619.7376141221105,688.3058283865964
168,533903261,大六天周辺,87,41.0,203.0404327368222,213.96676580748246,361.9598547660365,733.0205569784363,615.4294089418709,795.9614599172127
169,533903263,舟地蔵周辺,100,81.0,169.38844891450026,241.46787403866645,324.63246951819247,354.33870905646114,287.71376725672076,448.7913973229215
170,523973982,柳小路周辺,939,748.0,81.43343052201563,169.43008928907318,309.28747999384177,278.33162190952106,201.71571489499703,349.8620506698899
171,533903471,2街区グラウンド前周辺,292,1269.0,93.86862568466634,111.55841609765821,186.61196463296216,176.82239024638238,214.47656570731954,347.9878193922229
172,533903093,日ノ出町周辺,178,490.00000000000006,219.94102879137293,146.4854144118075,210.48348051683357,99.76080665171646,81.52380408734125,126.82931396514164
173,533903631,根下周辺,97,35.0,230.76062619283354,131.30765155412573,235.93917261310634,733.613882862391,649.4984942309943,821.1854100695333
174,523973874,熊倉通り周辺,919,704.0,176.84705216206916,150.63154968897896,243.00445862908842,92.72403315760269,144.41401022247584,256.25787134364094
175,533903454,駒寄住宅北周辺,712,1114.0000000000002,60.185737786817064,148.9780794102343,217.921795642353,358.8123175104917,247.8845982250995,346.3102166116437
176,533903714,宮原中央周辺,39,25.000000000000004,957.1989561816131,957.8306227175286,1023.2867602078635,1153.4304810311307,1153.1532193651758,1212.9234291058426
177,533903091,奥田周辺,214,1110.0,152.2935910439686,165.51271582549512,220.26932818313517,95.51133877974169,147.28556768312092,227.39205621243406
178,523973974,原周辺,896,671.0,127.1449244967822,160.40301452327571,231.28323051285972,128.88005656469792,120.82870426602243,184.05681725546364
179,523973863,辻堂東海岸周辺,517,763.0000000000001,150.83579887084977,141.23680592334335,278.8617752888865,100.41403635353143,167.40715386355197,298.64814658376105
18,533903254,西高校前周辺,844,896.0,382.5667989701853,273.98101854806185,404.4276543201549,259.65776999257866,236.796291119199,397.5047995429018
180,533903773,湘南台周辺,308,1103.0000000000002,170.4615719471916,162.00995054501956,289.11627732492695,78.03404269608686,99.88665406537262,159.0921191019055
181,523973861,辻堂海浜公園前周辺,88,84.0,137.84231735052128,156.87672997250326,220.26590930278527,392.1734539259955,218.90443025887458,301.818318434081
182,533903633,荒井周辺,171,63.00000000000001,128.81164719506344,164.44363962705467,320.1819711942361,807.7071201676466,717.5709992957278,865.0829259260549
183,533903562,4号西周辺,463,275.0,70.09923714217105,84.901294562531,138.84032394536104,619.7379849778629,523.2929022836956,644.3355026048197
184,533903184,藤沢公民館前周辺,719,619.0,111.90687645605529,138.31191287154286,261.47388943829054,152.35911455249447,187.55846562496183,318.27810341669914
185,533903934,松葉周辺,84,26.0,383.54074588608864,280.6147794466482,362.18054654339045,618.4337389866574,523.8956775535033,603.4094075515723
186,533903941,上宮下周辺,143,88.0,124.98259443241147,188.60474319605927,379.1560908764514,399.0254451962042,442.40225102518804,613.5201672426928
187,533903071,藤沢SST前周辺,613,440.00000000000006,135.34101046784235,156.14676519123105,230.12376087922146,136.04572569142306,151.85767902591087,232.09981748230913
188,523973684,江ノ島海岸周辺,9,85.0,131.60911246751334,109.01964674212483,122.52243112070674,368.95138276980515,144.20834964765763,158.75446018918996
189,533903473,天神町7号周辺,104,174.0,232.28115691512542,164.42178131792954,281.0424125518509,114.64654522150012,289.6296420179424,406.2857477678195
19,533903673,湘南台住宅前周辺,759,690.0,363.83441598569107,379.0813770075858,548.6217133231648,279.48223921322096,261.7887338070529,397.1628154662001
190,533903741,遠藤西の谷周辺,58,30.0,314.2552460984658,159.16952900659362,295.4981404835432,419.28074298075546,560.1987897869178,686.4240441311167
191,533903363,弁天前周辺,392,287.0,70.92061898589151,199.91637318809336,286.4709279314194,410.9992501925264,306.2700157164054,430.51415577641455
192,533903734,西菖蒲沢周辺,36,23.0,481.10921982459513,275.4720874934736,360.46457379789524,639.5621432928705,535.1296586508848,785.6098735902004
193,533903552,田方周辺,447,302.99999999999994,362.08806425455174,252.81925973050636,341.26276397393457,77.25549158668157,194.31836542497186,293.6577578967003
194,533903854,大持周辺,67,74.0,101.31907896928792,76.47040145266821,103.97030274150102,707.8664844457517,764.6860629547273,849.1522090261969
195,533903052,辻堂駅周辺,563,622.0,141.5113771770096,192.82784052346636,320.68583228872734,97.20671166531828,104.29489995360542,145.75299739779513
196,533903973,長後周辺,739,787.0,259.85753709307676,288.73103481273154,451.63240345726354,54.28939581196047,148.5980142156164,261.9881753709906
197,533903652,東京ラヂエーター前周辺,173,131.0,119.74307915249754,109.8976011021895,161.43003401354287,263.31578941614265,169.8678754580082,347.32622473824387
198,533903372,善行市民センター周辺,686,597.0000000000001,73.77428303142511,120.97818874028171,189.81427602033762,237.94278925630758,174.0331882570613,288.0973979953251
199,533903971,長後駅周辺,804,656.0,198.69325231910602,259.350373567712,394.46861543737265,67.45724473725299,133.3386282881872,235.682549071098
2,533903351,南センター前周辺,305,1026.0,347.69019036632005,233.82990198120527,362.4538685826744,430.656584165204,321.1027799417004,453.37734332860987
20,523973871,鵠沼プールガーデン周辺,616,601.0,196.63830651640438,201.50178962415814,283.9094806339117,464.28876167000897,411.4156130415213,575.9923071854589
200,533903842,宮の腰周辺,156,100.99999999999997,264.9854144008956,212.75514142961842,358.96882210057447,126.68967774098859,195.63979486112174,308.5468640610482
201,533903291,遊行寺坂上周辺,828,616.0,46.99422463745403,194.13547557469138,276.4071187722253,675.9008727601569,588.5554637709907,706.1268012967579
202,533903384,亀井野団地入口周辺,80,42.0,259.4496093968777,249.40019868105634,420.5056696746008,260.5264607020012,278.55843042773193,428.9445127221773
203,533903844,出荷場前周辺,266,123.0,90.45892451186921,115.93696318928393,196.96482329766923,377.93328382533855,439.0926424474593,619.9955286699212
204,533904003,小塚周辺,511,396.0,90.13531435428351,142.53428633199474,261.96008376462237,200.62786565569732,251.68869113075672,385.7323432916583
205,533903493,西俣野周辺,4,14.999999999999998,612.2140900347345,394.69065820886186,411.39174704743607,641.8735608694587,363.5644456803338,413.84525243780223
206,533903661,丸石周辺,315,257.0,132.18370396824625,159.4544759038005,232.34164194189606,137.5726524665109,253.5514424741829,350.9292062314899
207,533903484,俣野原周辺,102,35.0,376.5448622350183,306.0840375708379,426.14163365890533,238.08404837360519,307.12205334967274,439.5969360756261
208,533903581,下屋敷周辺,48,34.0,487.563041817287,538.4280449198251,741.1361038328017,240.08884316826428,178.9077110937725,489.04420952017637
209,533903054,神台公園前周辺,70,565.0000000000001,102.55333807342062,220.00023314175718,304.7114560615887,116.3898706075082,152.8052111683954,236.61719094730125
21,533903874,下高倉周辺,321,206.0,846.0240198503583,694.7703507569165,773.6583574234891,502.2390173025117,400.28888871152543,581.4980516387434
210,533903361,天神社前周辺,118,116.0,229.48132307659586,153.5294307613909,240.4391179037722,107.9107927209545,172.78290416572668,303.4812211444399
211,533903082,橘通り周辺,716,915.0,97.67281194677456,164.1356406101667,242.88181739962548,106.69084037452099,145.3817389833115,295.22903250986195
212,533903731,打戻大仲周辺,182,99.0,83.6505459850593,120.11232514285372,186.77468701615882,608.0026941082597,676.2930538732255,830.6589300190482
213,533903943,天沼周辺,127,43.00000000000001,120.62519282101407,121.35920641890662,212.6917780324332,708.5753495889876,674.9721321219655,896.5525414794862
214,533903644,諸之木周辺,109,71.00000000000001,250.60860860954,132.09926102632525,207.14436058039837,160.79531674890572,177.2751021449461,332.68565258642434
215,533903191,藤が岡2号周辺,587,1053.0,56.45016904542898,94.54292764676347,172.98349462257426,222.4652900202257,220.35892051130847,337.7616902993453
216,533903622,光友会入口周辺,155,93.0,165.42176073706023,172.86491180014224,304.2582203754066,168.72819985389637,321.37740373685847,421.7654976106604
217,533903663,団地中央周辺,104,215.0,128.47409398087296,115.8605676152553,151.05078803111198,114.10761581790793,265.8281723747354,341.9797101488134
218,533903544,宝泉寺周辺,218,169.0,231.67530808687513,139.01144614060996,197.089792764177,77.44209550259906,256.7985303150491,354.85218169914486
219,533903772,今田周辺,549,524.0,65.21511043543981,182.5598643821076,302.0585862273629,189.20516612777905,163.25423316167107,293.3781582381816
22,523973864,鵠沼車庫前周辺,1032,683.0000000000001,508.9657461388165,377.45062100132026,488.5885266893362,233.6086700940001,212.89987877016443,374.67795015921354
220,533903092,川名周辺,425,391.99999999999994,65.12355023037857,109.46871663902941,174.61370044591823,206.1372246805795,283.17505866623173,370.8218138940569
221,533903722,宮原中央周辺,103,124.0,272.03150775902907,201.5670338649098,318.9361741300518,75.57758361427416,156.28699000289424,242.0406552353313
222,533903272,修道院下周辺,643,715.0000000000001,52.941695252419784,174.43859917864913,285.99382290293494,193.60404842006912,256.6285127436855,385.449707265943
223,533903292,柄沢神社入口周辺,693,435.0,61.20145966122318,140.0846721410614,228.05021431689528,199.60124125256982,246.5114845591989,398.7278791671094
224,533903744,笹久保周辺,106,52.99999999999999,84.8186040442719,166.901705493355,301.7194283158433,562.6781148362896,550.0818189065066,675.5870045054629
225,533903182,藤沢小学校前周辺,704,935.0,54.485940654953325,157.31289983757642,243.4801093975156,149.68062804715333,102.52648740701846,190.24840288731767
226,533903582,俣野原周辺,147,103.0,89.35909187455128,129.40962115704792,199.8524352317358,227.75596054588527,276.11917597630446,460.28901510547706
227,533903181,日本精工北門周辺,696,720.0,174.48218631296388,118.72645758729115,203.60889516474413,42.339682209244316,138.2246693169481,254.3973842036773
228,533904004,湘南アイパーク周辺,200,69.0,108.52376180125158,166.94934548198412,259.62567562309755,227.22668100200227,379.7875725181192,462.27667985442963
229,533903374,善行駅入口周辺,546,630.0,90.97830643437935,115.0006595061116,181.37318065579586,77.58686716888501,72.5783418564277,137.3228405827265
23,523973962,堂面周辺,961,533.0,352.6089468354142,281.4465881573777,452.73642426844725,318.91889948808836,285.7766574746023,444.11711136573473
230,533903933,松葉周辺,91,40.0,194.1442637530021,150.9517588257488,309.5060653982873,172.49064810280512,247.20796019360836,371.5868247411258
231,533903841,葛野周辺,195,111.0,49.202722150827164,176.59704613141918,250.6994259699457,659.3833613087647,592.4320147638933,807.6081693697595
232,533903634,遠藤西の谷周辺,18,11.000000000000002,429.2439485867648,410.39699695741456,434.7812464503838,487.2503693539082,724.6314772677555,768.498817359801
233,533903752,南大山周辺,197,251.00000000000003,81.86507469483232,141.26376546408235,189.55536909956865,147.6227651128664,245.75906600677655,369.9052461239839
234,523973784,湘南海岸公園周辺,760,645.0,117.41466836474684,129.71691983454204,226.48191002415524,54.757732114476184,123.85339589502036,194.88329597620427
235,533903554,寿照寺前周辺,47,28.0,147.11144033131663,115.83817817299568,165.07846379093823,314.20895476417724,444.28261316467257,497.90423042547803
236,533903831,御所見小学校前周辺,427,532.0,86.87613979107765,145.45118322533054,227.9858655000002,92.64649239572022,169.78973061969643,269.7375514347844
237,533903073,NOK前周辺,32,47.0,229.39762894515007,113.04908031185032,193.59808509997518,101.77439602923161,194.42867287119932,288.741871359804
238,533903732,宇都母知神社入口周辺,71,27.000000000000004,97.87763948952613,203.4723290237477,314.8117412469236,771.5663500090692,784.9307709481805,876.9860648788483
239,533903561,石川周辺,540,396.0,107.55745311874793,161.49485203273798,248.06132490446396,75.01412240935954,221.962054764069,350.42551900059124
24,533913072,藤沢湘南台病院前周辺,897,773.0,282.39172412231443,306.1609192411947,472.95302912073265,260.9475269591122,315.81588769320933,473.2057059423603
240,533903643,遠藤打越周辺,32,30.0,170.32792718053616,114.63880554939448,170.8685470669797,188.7369394833453,215.38031311726021,264.5701346204459
241,533903771,湘南台住宅前周辺,433,558.0,197.94043105282742,197.7240886612369,314.3918691509186,30.115221695391828,96.54019079526714,141.99842790589162
242,533903381,藤沢翔陵高校前周辺,410,538.9999999999999,101.5432693716293,94.31511054982816,176.72466384640887,65.02930915147329,156.51591540471497,234.92642569377304
243,533903672,六会日大前周辺,574,680.9999999999999,210.95243122247427,239.66787849625547,361.1379698433867,28.907378995702913,125.33975842367349,203.9992099041978
244,523973954,久根下公園前周辺,1017,730.0,50.62306447616259,192.82983664429418,306.8910806162476,108.53099207426884,157.90562730699082,250.78438806320833
245,533903632,矢崎周辺,35,12.999999999999996,159.98626234714308,85.85407781061751,136.5264858004519,553.9404426891039,491.25519734839594,539.756150503326
246,533903154,大庭隧道周辺,476,361.0,24.18324259823268,110.34089489753362,186.65624735393442,331.4797672296348,239.92309999640443,337.0940242723988
247,533903641,慶応中高降車場周辺,52,20.0,146.84552986874778,197.89942248579877,235.91216277564754,324.1115700314255,404.20183957942646,443.4354420674464
248,533903064,住宅前周辺,871,810.0,228.1393462745407,165.25724624866515,236.91464360573968,24.887801614230728,172.79000434729286,230.61031859764503
249,533903083,日本精工前周辺,338,638.0,54.42925002454894,93.42667096653247,134.31598283383576,92.96644673904079,182.74692923318597,294.9796574378366
25,533903252,有藤周辺,169,211.0,343.94494742783024,195.54993491157063,310.59537488105525,624.0380356592555,518.1251113936945,576.6080439458332
250,533903452,二番構保健医療センター周辺,351,1276.0000000000002,34.25075240381902,122.92902828584965,202.5721144423662,124.81458714764015,130.16527487341867,194.54661053614484
251,533903194,藤が岡8号周辺,729,647.0,62.576826281260274,78.18643891621349,146.32881556904013,76.6671458815643,169.41883643052392,287.8910918635184
252,533903264,老人センター周辺,10,5.0,364.66261965046294,38.964893052815285,57.70777891555124,291.0762636903095,404.09307560675,415.758118110892
253,523973584,湘南港桟橋周辺,25,14.0,88.73748931213254,133.7635360888991,150.931444782644,1216.8306353789494,1095.1547628108758,1118.7975242574037
254,533903774,今田上原周辺,457,493.99999999999994,102.47323624187683,133.86837735566064,212.25644514629153,33.96592674587439,121.89319487516136,207.28235979924648
256,533903442,南大平周辺,296,771.0,21.31673928969136,149.44021602333854,217.64446123246404,103.00534492659102,120.21164911075535,178.91493446374108
257,533903183,白旗交差点周辺,531,512.0,39.187860079563315,108.63225645198466,156.0317934716774,86.67629969067488,140.21680344397294,223.49692353042857
258,533903353,羽根沢周辺,358,536.0,37.278552862862036,182.6301619924298,274.9679138784277,65.81125716911792,195.53903415661352,320.0339284478893
259,533903653,秋葉台小学校周辺,194,163.0,65.7410180587485,142.3559994345512,235.83780515309724,50.90549348114646,171.5361131375841,252.29714071371157
26,533903872,下高倉周辺,582,436.0,387.9062264249978,383.49831822461175,567.0292125780647,333.62835368442865,282.9151855211436,394.73357996355173
260,523973961,浜見山周辺,726,561.0,13.549595849522932,135.1757537309846,207.4356811083269,171.18677457015664,136.294690413338,204.57649229074434
261,533903192,赤坂下周辺,980,948.0,93.14084117551005,122.60616980709115,246.9972168591511,14.10254012747365,188.2766497189632,265.3657573641753
262,523973964,東町周辺,782,624.0,17.04712585387923,125.90985239606273,213.2860315747261,50.29167333584006,165.27168138283565,268.9324792855586
263,533903084,三富士町周辺,319,968.0,14.058919484765594,143.6918111748636,233.37515233872867,46.40307698642687,54.311341675451295,80.05834259218392
27,533903862,とどろき公園周辺,400,384.99999999999994,237.72866105794694,191.02938218160446,443.35833176211554,541.2915501139677,498.0386435836205,700.9518553422535
28,533903063,新町一丁目周辺,829,941.0,267.5612491957263,164.68057446582705,241.2425229817259,250.6395166741809,212.77011131496593,327.4474938812997
29,533904104,渡内第三会館前周辺,507,542.0,323.1602857085247,283.00973371577305,448.4833830186113,305.02673324,325.2339915170268,430.12127815980807
3,533913064,上谷台周辺,344,511.0,585.3751212538793,540.464371475885,660.7106622214718,742.6973965808464,666.5141643913813,904.2740274357375
30,533904101,高谷周辺,665,532.0,285.90911340463964,224.4575341955209,371.9965605874646,331.15928947573946,338.17812772994677,513.406057744806
31,533903764,北警察署前周辺,276,463.0,268.0510084403829,156.33651718044914,275.38149627631304,382.07131406249636,284.5661123864481,489.604107587233
32,523973973,太平橋周辺,659,441.0,303.2578745446694,202.98215110655397,300.05777009542845,349.03971287532255,251.33740309097493,366.1932837430037
33,533903871,渋谷ヶ原周辺,677,642.0,380.3271107010298,338.14198192343184,517.9790399751199,234.29048089197454,191.53155137679866,308.98651136415896
34,523973873,鵠沼車庫前周辺,877,823.0,154.0370837119835,160.77358564451836,236.46811853074277,447.7316818665659,405.6958623997718,563.8268046706698
35,533903751,遠藤周辺,581,338.0,254.71095713514396,228.04847024294503,334.94937214716384,491.21737316493227,469.5865205394219,590.8230340081336
36,533903551,矢尻周辺,632,584.9999999999999,156.65731903841979,168.48461442433896,243.346674203282,587.9943259113858,454.48047127056515,559.9019129926822
37,533903674,六会周辺,983,709.0,343.37208371440215,348.13746832329707,511.1202872361572,215.00280691490346,152.59147764075763,244.56282451554628
38,533903193,山王神社前周辺,650,539.0,179.48871155234224,138.83466911071176,274.23716690887267,460.2162194339378,357.3423637519151,477.6884088969102
39,533903964,長後市民センター前周辺,347,187.99999999999997,353.09218073567433,244.35106969330266,339.47868304691525,511.33069060837823,390.83301547585813,516.578686532593
4,533903961,坂下周辺,251,646.0,241.70573670527793,203.6554146667011,303.0586836480718,857.5825338580432,886.9080866216931,1010.4166553845162
40,533903462,善行団地周辺,149,186.0,328.50324066639547,263.67039062498395,455.01416349821017,535.7858895166796,459.09418973517046,675.3063024109492
41,533903481,亀井野団地周辺,448,571.0,199.8306666467647,181.39282638429435,331.1321517160171,345.1323226621113,325.37817638711095,502.46137529764906
42,533903293,緑ヶ丘周辺,374,425.0,174.4330815826593,165.16846897487733,268.5601361425235,658.38129039702,541.9708501041877,675.7131076795046
43,533903371,善行坂南周辺,275,502.0,197.40733670315998,144.70304173846125,177.01333335149445,401.98332453440213,361.3454285929084,421.3995780914355
44,533903564,3号西周辺,487,368.0,184.22673769396184,142.00399029217138,235.53214224961724,606.2724904405143,589.1624610101575,749.2712890493875
45,533904103,渡内二丁目周辺,938,772.0,148.18166957274832,125.36036420237753,238.59722588934162,418.07188412967463,360.79849709304085,468.14308412366654
46,533903162,梅ヶ枝通り周辺,1008,563.0,255.7071444164697,166.79054340504788,268.0700455912184,283.4174103741212,241.6123459680767,375.3577632192228
47,523973894,片瀬中学校前周辺,432,617.0,219.64677902650817,168.47976686413497,242.10366519025143,303.92535411157314,181.91919199113389,285.06153389100865
48,533903523,獺郷公民館前周辺,97,115.00000000000001,831.6257607343551,760.3780050646052,898.680203706907,586.823432151208,510.6438346754464,639.4865277916806
49,533903583,亀井野周辺,510,383.0,251.70108736465883,221.69436762789258,388.0203835181751,378.5104306301162,348.27191136763906,538.8245015989008
5,523973994,御霊神社前周辺,371,688.0,276.9792351838688,254.95652409741464,368.33104054667393,476.66037831505605,454.9608763031437,560.2251150436996
50,523973971,藤原周辺,662,478.0,187.13511639423476,151.3541643862406,233.68997322179217,416.6122530591354,345.1924321572645,467.55532840025063
51,523973884,鵠沼周辺,836,630.0,228.00941537883492,196.522306449812,301.83894019239114,274.7295275283888,180.439609977537,281.73943147460216
52,533903163,辻堂入口周辺,509,433.0,225.81574579900663,150.58146273272516,279.57375821675595,367.9869724935592,356.24685780670984,560.1225042268186
53,533903061,新町一丁目周辺,732,556.0,214.324121511022,170.78825714040815,330.9081274999764,312.6190611692852,241.81245751485167,440.43080364012644
54,533903281,白旗神社前周辺,440,823.0,268.25425724320564,202.110667796224,285.5786251499592,195.15401340658525,193.45351697251718,298.35360345675565
55,523973881,鵠沼周辺,943,638.0,507.9681889302839,399.6977087291187,498.94772567284446,183.38837996721114,220.64215571551435,330.9588602676523
56,533903444,滝の沢不動前周辺,647,1014.0,220.04379719588854,168.7794589493174,239.82619591736454,220.49231703154626,203.88745043619468,287.76846644607866
57,533903864,渋谷ノ里周辺,512,304.0,192.8705157858054,146.02334038771124,225.03718181537388,579.8091151574936,526.4489494266625,655.8002314637843
58,533903974,藤沢湘南台病院前周辺,834,747.0,182.10329101422613,165.53887579198306,278.69562922998335,274.6137812397452,264.51933766963873,436.25339645193037
59,523973963,南町周辺,950,637.0,175.84254251015486,178.5134899882468,320.6172437894799,324.9323346193835,232.07216674193995,352.6696104431389
6,533913074,藤沢湘南台病院前周辺,376,353.0,744.0889751698176,615.463802874604,689.4827450496989,688.3581742062479,562.5872628168818,685.477849123396
60,533903253,西高校前周辺,42,363.0,185.46428344706231,115.00665309282618,164.03821171289945,459.6009771704191,258.60475625219493,414.21358351120585
61,533903171,湘南台周辺,866,589.0,181.13545558477097,138.40167293521546,236.1173834730342,323.7176163867311,287.3394963730855,419.71662542048364
62,533903721,宮原南周辺,266,163.0,275.52990830253935,209.12760443898313,351.09195017805496,510.28272436707067,460.9912923535994,619.2158503254757
63,533903584,下屋敷周辺,202,136.0,249.49649657952256,182.47407394995423,336.2438721787301,688.763152330941,671.021831583952,859.0803377426263
64,533903571,天神町8号周辺,206,207.0,268.56042221085784,142.6948681401966,237.54040136504634,382.59163530412263,421.02968873631306,591.315173441994
65,533903464,5号西周辺,137,128.0,329.3770174170948,183.12767644428317,388.24130254907647,500.85406775043396,379.2836297528112,479.1242093882086
66,533903262,観音坂下周辺,150,164.0,218.86926881383786,178.40432323616346,251.937486441575,686.9798302363523,783.7361776075537,856.4772285731303
67,533903781,今田西原周辺,258,142.0,339.2959953439174,206.2661072141774,339.2421859479938,427.36846565141116,268.42417903154296,366.69421078075897
68,533903364,善行団地西周辺,269,366.0,155.52556983786994,98.87612321762492,151.74993023212147,588.701337029862,456.1039746688677,577.9480893078091
69,523973891,片瀬山周辺,711,528.0,320.41712587683935,234.6750443572923,355.8235499833769,215.5906334906029,174.9988341765855,266.1263001144307
7,533903873,渋谷ノ里周辺,970,851.9999999999999,380.2182492670703,398.87972499071196,589.6676365270888,326.47468623161564,289.943715047578,400.5069518363881
70,533903453,滝の沢周辺,545,576.0,155.33225431883315,173.1929145740827,275.29069120846236,381.155141645423,397.5740867639452,491.84170194351054
71,533903553,遠藤松原周辺,204,148.0,275.6715725394016,184.3204021433211,307.3581961583205,457.256907144048,458.66271665954656,590.1121765946192
72,523973883,中岡周辺,943,698.0,397.36855973407876,332.7278021338096,432.85947215176765,149.69376233315376,196.09830314281496,320.4423086809597
73,533903274,善行周辺,782,835.0,166.95109311343472,152.34338390949307,223.07024078197597,260.9588180215702,293.49518518135704,414.43476475720945
74,533913062,上谷台周辺,367,280.0,156.35276788571136,249.92521109720306,425.0418658017446,745.4679732697714,682.4194518816807,784.0617038159021
75,533903284,水道みち下周辺,178,104.0,344.27864517756694,268.9298409661709,358.2265292891759,552.1589312794466,371.3323648550157,453.7050259267611
76,533903834,御所見中学校前周辺,220,146.0,367.8329424865314,379.0182425874529,572.765185997143,376.29933119799716,295.6070526993996,390.255234643812
77,533913063,上谷台周辺,269,518.0,736.3707830193904,701.1349772347941,793.9378482587788,176.800598255107,240.30183578459128,419.9492730335079
78,523973992,片瀬中学校前周辺,118,97.0,493.5845611808633,315.6988463349635,406.2930379970658,503.44745648642345,305.7606522822334,363.01625343671765
79,533903651,遠藤北原周辺,301,190.0,231.75558814305347,179.32928070349973,352.726976838766,434.89545929841205,396.16893024220894,501.18585237481693
8,533903682,亀井野三丁目周辺,472,317.99999999999994,505.6510412553402,369.21327065612866,506.27369835923304,949.2278085358377,794.3677421988851,899.07249501964
80,533903382,水道みち下周辺,372,284.00000000000006,179.7306173248778,107.65728840462592,255.45137522726597,476.34368818934644,336.75938019477934,458.7646641712812
81,533903282,藤沢市民病院周辺,463,334.0,302.92665584276455,331.160233391538,431.5403807544536,266.1884169181447,294.7470140603457,414.74459507856193
82,533903922,用田神社入口周辺,73,75.0,508.63849814854115,318.8334171400878,412.78620803917664,730.9662892861542,503.0865201732787,534.8255797252759
83,533903152,羽鳥一丁目周辺,598,588.0,179.98093400356248,139.71269958646323,198.58674232574998,272.4880928342803,239.488151549648,353.73675240179205
84,523973872,鵠沼海岸周辺,826,627.0,229.87257238262978,197.44262373374264,306.94052071599265,205.0873887273123,212.98200991862623,329.5801615988163
85,533903164,明治小学校前周辺,672,587.0,117.12712139916022,139.59014661678287,251.937486441575,626.682562910065,621.6169500395629,776.8960700926542
86,533903723,宮原周辺,113,78.99999999999999,463.61596740803196,332.00730611793773,457.6412027725104,625.4252723330708,479.76153664454694,633.9221200419469
87,533903851,公民館前周辺,306,347.0,256.55869366138455,173.68222309396353,304.5005790123475,271.49302290342786,253.86690191169558,360.9547607884722
88,523973893,岩屋不動入口周辺,653,530.0,210.9434401542593,187.62884605948017,292.2894660866054,241.28943344980016,134.34397068327328,210.88455065081433
89,533903352,小糸周辺,341,690.0,176.0688782609951,136.1019538079782,224.10062978349103,230.55342626517418,243.84556784395338,374.2577628692789
9,523973972,熊倉通り周辺,910,634.0,338.66423235749966,250.28219395948167,339.6467585584201,387.8718764963098,296.3783738647206,390.7302206432771
90,533903762,円行上庭周辺,372,391.0000000000001,176.7744478259792,161.89847872604614,238.9080401483784,341.9750831376249,277.947310929912,427.49028556343745
91,533903074,神明町周辺,475,341.0,150.60812332370978,149.4767015239381,217.65671029574307,527.9054034572841,483.09266036087826,565.3994577535465
92,533903683,六会周辺,387,200.0,232.7515087662638,172.27539250527659,306.28882905050114,348.64867312572994,270.3793335141264,421.7281606264618
93,533903733,古里団地周辺,186,150.99999999999997,240.1343162231425,190.48172885551114,291.2354756902988,406.46707620758616,368.66839553284143,572.4911229141331
94,533903573,保育園前周辺,601,478.0,127.19450356724506,121.40012807626492,199.3302084949649,522.0222750719972,504.63162320928814,698.1659954430025
95,533903951,藤沢・綾瀬ふれあいの杜周辺,52,72.0,345.10615010040857,377.8306167714208,452.55597025783726,960.6008791430241,862.391612357217,905.3939555925899
96,533903251,有藤周辺,32,92.0,316.036273056087,68.12641474224395,73.25883717324982,504.28247862179427,532.6130410946087,567.7775411952088
97,533903362,善行坂北周辺,87,109.0,402.925627292962,228.28732398331707,358.7484680467623,353.32832660958104,420.1998631933461,514.9574506553506
98,523973783,小田急ショップ前周辺,835,549.0,255.60192905078944,231.95968666923258,333.8585115423075,184.37338967875215,195.39338178442367,285.37510551742247
99,533903474,善行台周辺,150,69.0,470.2286161585703,427.34405218530867,632.0513072352758,585.3587415890612,510.7883522512286,585.7085392360168
<NA>,523973681,江ノ島周辺,25,33.99999999999999,317.8256670520808,161.30245038357836,178.15512884268094,952.205796623996,961.2578802469303,1055.3921960897987
<NA>,523973682,江ノ島周辺,75,50.00000000000001,257.9568874562816,137.8290791385077,161.4079994936355,778.2881728860181,989.7518293751511,1054.6820001099047
<NA>,523973791,竜口寺周辺,79,825.0000000000001,127.37339086264791,112.43376006141341,152.19975948547705,94.19648162650513,111.25152548512247,154.76651487191322
<NA>,523973794,目白山周辺,16,663.0,322.3947396406908,49.57131055198344,78.2201685498321,495.99250533852506,261.1081893774061,304.78292546363724
<NA>,523973892,片瀬山周辺,377,634.0,289.2660012586291,158.94730431276471,247.72340180630908,274.95509304678677,159.2374056007897,249.3074404568661
<NA>,523973951,辻堂団地周辺,338,686.0,303.8934646377682,209.09227622433,325.89999393746643,319.0938818930683,252.83234237442537,379.2646752123406
<NA>,523973953,久根下公園前周辺,203,761.0,617.4262443269955,404.11462019650247,457.9868810101185,377.4994676987105,251.21864084447563,407.6889388463551
<NA>,523974903,御霊神社前周辺,66,428.0,402.8070834656366,286.37002287281456,386.44384373110904,336.2747653276665,484.27009184454164,632.1330963300359
<NA>,533903051,辻堂周辺,55,636.9999999999999,505.4270324688314,391.6483197892895,467.13412903822103,301.2731158495139,128.047463530032,161.10189062266133
<NA>,533903151,二ツ谷周辺,136,789.0000000000001,367.2314695985888,161.6772847783901,208.4376406185689,477.4463571158382,307.734914762939,373.20649037406815
<NA>,533903153,城南周辺,69,335.0,376.65678442985495,195.31243130003193,239.3797961980205,165.7169464300295,163.6384632736176,216.4325192497585
<NA>,533903342,羽根沢周辺,39,40.99999999999999,696.1319853936669,396.6039792888806,430.23903624390226,792.8146662975802,494.56884002333186,528.5574110307914
<NA>,533903344,南大平周辺,26,162.0,459.13944999874946,321.66954615605084,348.6877168556861,532.5627764000627,408.38346356725924,433.1348814189101
<NA>,533903391,緑ヶ丘周辺,14,199.0,556.5961090045288,325.99862084421034,341.86676478890536,907.3968332149553,669.2793121836846,757.6001304653643
<NA>,533903441,大辻周辺,64,139.00000000000003,250.16690157631038,120.16911230074396,209.237917486493,581.7995572342408,360.1312257981989,387.07657515926024
<NA>,533903443,小出一本松周辺,200,464.0,193.76535134447946,126.77605905791019,208.09156815627503,214.90232634599224,203.99990670116514,306.0632145658117
<NA>,533903451,滝の沢小学校前周辺,365,1095.0,307.5725856726599,176.52311924473295,304.9114605684407,275.7042949974157,231.66421059151955,304.2273855506739
<NA>,533903524,堂の前周辺,30,8.0,597.886152412516,560.3067892377956,608.6174493409952,457.42902616163815,305.76417334670964,348.4968413922358
<NA>,533903541,小出一本松周辺,28,235.00000000000003,468.5215049573409,230.01272818975016,252.03255344524732,425.68914492856254,209.52302806955973,269.5681778432518
<NA>,533903543,刈込周辺,4,27.999999999999996,430.1864488984924,205.01846886913032,220.85409294024052,517.6627759185109,279.5673883671928,292.5110312544635
<NA>,533903593,西俣野周辺,11,69.0,348.16571825494356,182.1896315023816,242.26551579719862,910.8653138278684,643.9028171001056,657.7748778364471
<NA>,533903612,獺郷周辺,3,240.0,771.6034348342025,607.475461827302,611.7589415022481,971.3549926137212,688.1998151270095,690.6322923325223
<NA>,533903684,雲昌寺周辺,45,41.0,755.272861185345,477.86171360566624,526.9399364673694,898.2865353227651,771.5950061033549,836.1289641946772
<NA>,533903783,今田上原周辺,169,273.0,479.97530531174317,286.94059345468776,386.2490524228584,515.2035499403422,307.66814304178973,382.66591739105445
<NA>,533903812,宮原周辺,4,6.999999999999999,1174.099183807073,1058.0545762717613,1072.09952431518,1235.1454660254153,1191.9593897232917,1202.4053952203944
<NA>,533903821,西用田周辺,22,18.0,675.1524106786799,423.25419576448326,452.36797968347264,676.5726054476696,411.8617450332802,441.59209644041135
<NA>,533903881,今田上原周辺,73,156.0,631.7465982285171,345.793035982197,386.11253094710486,594.2664898893678,312.12017322202576,365.58440935823484
<NA>,533903924,松葉周辺,2,49.0,756.7365920808095,514.7804820267188,514.9629854432793,566.9211164170273,448.39053015570335,448.8939106144799
<NA>,533903952,大持周辺,20,714.9999999999999,361.82360168328586,194.87447234516287,222.05204827145394,1150.4550722647873,962.4759778475807,990.3669524502199
<NA>,533903953,藤沢・綾瀬ふれあいの杜周辺,2,535.0,183.7149240880267,138.9123365352147,139.42593769586523,1352.4258890795363,1205.1760407865236,1204.4444068359044
<NA>,533903963,奥田周辺,1,553.0,537.4699117722378,339.0809089875628,339.0809089875628,954.8425089468302,743.2044563883428,743.2044563883428
<NA>,533903983,上高倉周辺,107,227.0,342.98019351314724,174.3515081251874,322.4254771216079,742.3210404991208,489.89777968622104,533.3081429230464
<NA>,533904013,湘南車庫周辺,67,262.0,97.06094262746291,138.78608552500785,178.3786944770002,436.03457936760225,302.15601451825626,353.06645319421966
<NA>,533904202,渡内第三会館前周辺,148,796.0000000000002,355.35104545788977,154.3266219595341,243.72981569710393,319.24914493240055,132.73647678787293,217.9134092705641
<NA>,533904203,柄沢十字路周辺,297,523.0000000000001,224.1087957379604,127.01956405271632,187.12838377511466,188.61781387845454,165.819617886296,246.04818465500836
<NA>,533913031,女坂周辺,87,53.00000000000001,330.6272573029001,295.98540484568804,549.077587238619,293.10151833657466,225.06072735533266,317.2028707723408
<NA>,533913032,女坂周辺,8,24.0,293.6883533681115,248.1800426785259,549.9581531149325,662.2669990100821,579.9147234260337,942.2652342029198
<NA>,533913054,上土棚北二丁目周辺,25,657.0,419.98024610046104,516.9721258914468,561.3187936920281,393.8842848144934,154.76429012380103,232.3931639850166
<NA>,533913061,上谷台周辺,55,359.00000000000006,473.32252218841586,327.75845216160246,416.0121780102752,520.0383783119469,555.2478389653509,597.7005959220342
<NA>,533913081,上高倉周辺,196,368.0,290.64927354827813,186.05200541786164,309.6734592990672,737.3580724920887,539.8278839638065,602.0572581886428
<NA>,533913161,上土棚北二丁目周辺,31,294.00000000000006,715.7577670199439,699.5317713334396,737.4444447450727,468.4212675018161,287.0896121767386,370.3638880951513
<NA>,533913171,県営サンハイツ渋谷前周辺,114,724.0000000000001,141.18082589460138,176.27205798582375,317.9425856064098,1163.3590211909184,1155.6238763761546,1335.4084902616503
