mesh_code,network_transport_weighted_mean_distance_m,network_transport_weighted_median_distance_m,network_transport_weighted_p90_distance_m,network_medical_weighted_mean_distance_m,network_medical_weighted_median_distance_m,network_medical_weighted_p90_distance_m,transport_elderly_weight_coverage,medical_elderly_weight_coverage,network_reachable_buildings_transport,network_reachable_buildings_medical,centroid_transport_distance,weighted_mean_transport_distance,weighted_median_transport_distance,weighted_p90_transport_distance,transport_difference,centroid_medical_distance,weighted_mean_medical_distance,weighted_median_medical_distance,weighted_p90_medical_distance,medical_difference,population_weighted_mean_transport_distance,population_weighted_median_transport_distance,population_weighted_p90_transport_distance,population_weighted_mean_medical_distance,population_weighted_median_medical_distance,population_weighted_p90_medical_distance,residential_building_count,estimated_population_allocated,estimated_elderly_allocated,citywide_screening_rank,label,network_minus_building_euclidean_transport_m,network_minus_building_euclidean_medical_m,network_transport_detour_ratio,network_medical_detour_ratio,network_metric_status
533502754,741.0542948612285,721.9038955395933,809.8785419514024,2868.791957607991,2895.687306983587,2912.8904894430657,1.0,1.0,15,15,563.6928077576123,683.0275955144341,676.4201174277097,740.0766854567659,119.3347877568218,2512.9982753768727,2506.2596988586465,2526.872264354652,2547.1585887591064,-6.738576518226182,683.0275955144341,676.4201174277097,740.0766854567659,2506.2596988586465,2526.872264354652,2547.1585887591064,15,20.0,5.0,213,真倉周辺,58.02669934679443,362.5322587493447,1.0849551317221533,1.1446507155321701,available
533502852,951.4626890038812,969.9202305896434,1071.1183473352212,2554.929808916144,2555.892730654249,2761.916515827369,1.0,1.0,46,46,543.5481918283396,545.7112986034296,563.5384690629546,756.5027235626897,2.16310677509,2253.281975839628,2220.588936792767,2236.582693994361,2413.5794925961204,-32.69303904686058,545.7112986034297,563.5384690629546,756.5027235626897,2220.5889367927666,2236.582693994361,2413.5794925961204,46,56.99999999999999,29.0,46,真倉駅前周辺,405.75139040045167,334.3408721233768,1.7435275601565154,1.1505640537893838,available
533502854,804.1429854384444,808.9351652998976,911.5007551889796,2215.2707439376613,2220.062923799115,2322.6285136881966,1.0,1.0,23,23,320.60100605264955,188.33342496388772,187.52523520286385,214.45609502246137,-132.2675810887618,2065.6144151335866,1914.04858549045,1912.3605799139052,1937.478679673556,-151.56582964313657,188.33342496388784,187.52523520286385,214.45609502246137,1914.0485854904505,1912.3605799139052,1937.478679673556,23,44.99999999999999,25.000000000000004,98,真倉駅前周辺,615.8095604745566,301.2221584472113,4.269783685995388,1.15737435336315,available
533502863,1135.3691329112867,1384.6536461486892,1416.1213663923077,2059.967370982308,1955.0575657815252,2210.538374695936,1.0,1.0,8,8,216.93730570746249,159.4177756271842,140.56117489665476,203.7748687680117,-57.51953008027829,1536.633409137068,1757.9870932176127,1671.3092547758597,1884.8088322331955,221.3536840805448,159.41777562718423,140.56117489665476,203.7748687680117,1757.9870932176127,1671.3092547758597,1884.8088322331955,8,11.0,7.0,239,真倉駅周辺,975.9513572841024,301.9802777646951,7.121973245734345,1.171776163163966,available
533512061,490.8019920900794,474.25600423918,671.6370965344472,1052.0747910754071,1035.5288032245076,1232.9098955197749,1.0,1.0,76,76,454.92031393021045,379.5433607056933,364.1872680843833,577.7259667756462,-75.37695322451714,880.5804798111204,812.8388272556355,798.2290042690576,980.6217774955672,-67.74165255548496,379.5433607056932,364.1872680843833,577.7259667756462,812.8388272556351,798.2290042690576,980.6217774955672,76,100.00000000000004,39.99999999999999,104,京田周辺,111.25863138438609,239.23596381977165,1.2931381309832966,1.2943215257414526,available
533512062,575.7145238899825,630.868676223922,630.868676223922,1127.9375538420334,1192.1414752092494,1192.1414752092494,1.0,1.0,5,5,622.5335504488768,445.43334233664064,531.206010636845,531.206010636845,-177.10020811223615,1091.307173352972,927.9910188818928,1016.5489152460876,1016.5489152460876,-163.31615447107902,445.43334233664064,531.206010636845,531.206010636845,927.9910188818932,1016.5489152460876,1016.5489152460876,5,48.99999999999999,13.0,139,京田周辺,130.28118155334187,199.94653496014053,1.2924818803862252,1.2154617134129702,available
533512063,230.66818201453322,229.33163308274155,381.4131110989959,562.5292524787935,561.2638708220865,666.4170364255813,1.0,1.0,176,176,127.13268442538887,161.1657060832481,168.3798009176787,269.2684156117824,34.03302165785921,422.5556570871397,432.04974598300817,421.9714593658026,528.4677786178756,9.494088895868458,161.16570608324812,168.3798009176787,269.2684156117824,432.0497459830081,421.9714593658026,528.4677786178756,176,272.0,65.0,248,京田周辺,69.50247593128512,130.47950649578536,1.4312485430081787,1.3020011184103715,available
533512064,384.590278403212,381.15651830908143,436.8022423376963,785.8675447259332,774.6830214411344,894.6778006685248,1.0,1.0,93,93,443.5641006456482,261.53766877256555,262.5111503306249,324.0136174851453,-182.02643187308263,770.7540193434103,569.7319892248115,563.7751754727627,672.5381880473152,-201.0220301185988,261.53766877256555,262.5111503306249,324.0136174851453,569.7319892248117,563.7751754727627,672.5381880473152,93,294.99999999999994,82.99999999999999,112,京田周辺,123.05260963064643,216.13555550112164,1.4704966982696996,1.3793635596891793,available
533512152,757.4168813563352,754.7232781968787,909.7144178192189,617.6703667632736,654.3831754552302,760.5108349987039,1.0,1.0,357,357,584.490635976334,483.5310787718015,494.6871134148868,618.2763399045715,-100.95955720453252,487.6185352077382,406.1363527044344,417.5949551604866,536.2435635409455,-81.48218250330376,483.5310787718015,494.6871134148868,618.2763399045715,406.1363527044344,417.5949551604866,536.2435635409455,357,1065.0,205.0,123,城南中学校前周辺,273.88580258453374,211.5340140588392,1.566428539154547,1.5208448164027883,available
533512154,886.6029449681474,896.9374779189026,992.1856264929219,1039.040816672521,1030.742402364331,1232.3097622696998,1.0,1.0,242,242,571.1879544577747,528.1173571557306,523.983740950913,639.1443494823219,-43.07059730204412,704.0086845540078,665.3651079699499,641.0058865403445,815.1914443073352,-38.64357658405788,528.1173571557306,523.983740950913,639.1443494823219,665.3651079699498,641.0058865403445,815.1914443073352,242,554.0,143.0,83,中筋小学校口周辺,358.48558781241684,373.6757087025711,1.678799102046379,1.561610015653913,available
533512161,470.7070827410443,472.46381940641436,581.1249972485972,414.3241543816578,433.3647896243561,591.0665259270256,1.0,1.0,416,416,32.359472213734264,226.37082632096505,225.86273698941628,292.5761819298268,194.0113541072308,95.14447060254072,244.6480688920105,252.64746260984447,365.288337719162,149.50359828946978,226.37082632096505,225.86273698941628,292.5761819298268,244.6480688920105,252.64746260984447,365.288337719162,416,887.0,214.0,285,城南中学校前周辺,244.33625642007925,169.6760854896473,2.0793628330606593,1.6935517057547003,available
533512162,643.6197664757417,642.4318159505654,765.8111117740029,661.1367308136909,666.2203145336376,768.0688614168207,1.0,1.0,284,284,551.9657691035717,405.6031040223487,410.8655569808354,487.0965289543697,-146.36266508122304,651.567103141086,505.60449073622345,514.7684859269166,590.6615464513173,-145.96261240486257,405.6031040223487,410.8655569808354,487.0965289543697,505.60449073622334,514.7684859269166,590.6615464513173,284,686.0,143.0,96,城南中学校前周辺,238.016662453393,155.5322400774674,1.5868215999655622,1.3076164134756656,available
533512163,356.09589787984163,346.6669401980803,539.3705129629811,727.5023838657753,731.6806691515507,832.6243879394602,1.0,1.0,390,390,30.75212570229139,191.13811439123012,194.67164155978332,273.7204500623691,160.38598868893877,516.6434191856881,573.1571396129742,606.5804141396289,665.6407118558952,56.5137204272861,191.13811439123012,194.67164155978332,273.7204500623691,573.1571396129743,606.5804141396289,665.6407118558952,390,683.0,181.0,276,中筋小学校口周辺,164.9577834886115,154.34524425280108,1.8630292498908327,1.269289577997795,available
533512164,893.2621662197154,792.9144034790643,1373.5439339314676,898.9607633791842,874.8796416265121,1137.0203518578187,1.0,1.0,584,584,565.4824337511279,509.0009124839968,491.5260325765656,703.760019776822,-56.481521267131086,808.8707244193123,686.5466497269721,682.3093441742037,819.2746564207081,-122.32407469234022,509.0009124839968,491.5260325765656,703.760019776822,686.5466497269721,682.3093441742037,819.2746564207081,584,1401.0,225.0,53,中筋小学校口周辺,384.2612537357186,212.4141136522121,1.754932347489259,1.309395018876992,available
533512252,833.1055341075582,973.8325964466541,1046.9147825713758,956.2777600078844,1095.1544680040188,1240.4500132785893,1.0,1.0,133,133,696.2413471410347,495.0875492189375,496.8049218577815,612.5483455097543,-201.15379792209723,758.7913678813773,668.6636214225483,789.1193171125245,846.6787490535661,-90.12774645882894,495.0875492189373,496.8049218577815,612.5483455097543,668.6636214225483,789.1193171125245,846.6787490535661,133,309.0,156.0,56,西高前周辺,338.01798488862073,287.61413858533604,1.6827438610037484,1.430132774343924,available
533512254,607.0571942475793,604.6715041422312,723.33358099074,578.9932268306757,577.6045047024838,695.482669742048,1.0,1.0,309,309,607.6107067474304,452.6495264436269,446.847259698224,562.757020121339,-154.96118030380353,621.9713886276198,453.0842685492417,433.6756900807071,569.4775382336898,-168.88712007837813,452.6495264436268,446.847259698224,562.757020121339,453.0842685492417,433.6756900807071,569.4775382336898,309,485.00000000000006,163.0,97,西高前周辺,154.40766780395245,125.90895828143397,1.3411196936780236,1.2778930256938508,available
533512261,465.57991163578,486.5525112939704,575.7315712611351,471.0292567844631,488.4870864293818,688.9341488591315,1.0,1.0,430,430,357.43647138685685,310.84323648460366,319.183536083782,396.67292095471487,-46.59323490225319,409.3611939412069,380.7567043836194,395.286820774606,597.1911257843976,-28.6044895575875,310.84323648460366,319.183536083782,396.67292095471487,380.75670438361936,395.286820774606,597.1911257843976,430,1230.0,292.0,159,西高前周辺,154.7366751511763,90.27255240084367,1.4977964999371653,1.2370872301434053,available
533512262,756.3752340699743,714.9232062799139,1057.7577920003873,528.642028881626,502.96419193213654,823.8993408901955,0.995793113786075,0.995793113786075,512,512,644.0610364271614,563.1350659385514,525.0171933074038,787.092237390897,-80.92597048861,409.4994473361805,398.3346424365824,394.6190798262721,593.7347245344431,-11.164804899598096,563.1350659385515,525.0171933074038,787.092237390897,398.3346424365824,394.6190798262721,593.7347245344431,514,1129.0,221.0,126,西高前周辺,193.24016813142293,130.30738644504356,1.343150657488108,1.3271304389895975,partial
533512263,323.5178939944388,298.98239303706015,529.9562250423531,287.76727148657193,264.2262763064566,512.9860346270526,1.0,1.0,452,452,110.53543204709044,218.3730381519904,217.9730364391076,317.03039549849615,107.83760610489996,60.2365368364778,167.4764742762111,151.91897543302306,313.0305091381275,107.2399374397333,218.3730381519904,217.9730364391076,317.03039549849615,167.47647427621106,151.91897543302306,313.0305091381275,452,1100.0000000000002,335.0,283,西高前周辺,105.14485584244841,120.29079721036084,1.4814919311113228,1.7182548935916269,available
533512264,483.28753495537615,484.2783805134172,666.8229534111438,270.8982120916959,256.3867395637425,394.8014245694833,1.0,1.0,360,360,421.2923400167522,385.5821868249768,409.6617652391442,544.5344926959871,-35.71015319177542,140.69695611481558,161.211193817102,149.38232882720268,276.4514011174705,20.514237702286408,385.5821868249768,409.6617652391442,544.5344926959871,161.211193817102,149.38232882720268,276.4514011174705,360,631.0,170.0,233,西舞鶴駅周辺,97.70534813039933,109.6870182745939,1.2533969448509552,1.6803933131283457,available
533512331,312.9804266106889,340.3407286834711,356.89274905591697,2566.3415559903146,2593.701858063097,2610.253878435543,1.0,1.0,6,6,262.84504692420705,211.4835327823966,208.3026756556774,225.1489944764432,-51.36151414181046,2556.3479828136865,2255.672082538995,2249.2560629901554,2266.650434296403,-300.6759002746917,211.48353278239665,208.3026756556774,225.1489944764432,2255.6720825389957,2249.2560629901554,2266.650434296403,6,48.0,15.0,148,四所駅周辺,101.49689382829229,310.66947345131985,1.4799281177732466,1.1377281191961328,available
533512332,273.53899989814,314.94550169480857,388.9906352579021,2501.6196664012296,2557.684912219517,2642.3517646375285,1.0,1.0,109,109,204.99631716078488,145.86436618543976,156.74794758838664,194.31698477558044,-59.13195097534509,2022.001519065976,2103.811480596682,2083.0205149854883,2214.1854525646286,81.80996153070646,145.86436618543976,156.74794758838664,194.31698477558044,2103.8114805966816,2083.0205149854883,2214.1854525646286,109,258.0,88.99999999999999,116,上福井周辺,127.67463371270023,397.8081858045475,1.8752969423003927,1.1890892741452868,available
533512333,256.2045002167418,263.02233279796906,380.17239163530576,2652.8386296094063,2654.7377538979804,2717.6212913064296,1.0,1.0,51,51,38.756812919052834,186.3444617174219,207.6222098820396,249.18641888311168,147.58764879836906,2458.040916647848,2304.59515027707,2273.590565994909,2465.316911446856,-153.44576637077762,186.34446171742184,207.6222098820396,249.18641888311168,2304.5951502770704,2273.590565994909,2465.316911446856,51,25.0,15.0,261,四所周辺,69.8600384993199,348.2434793323364,1.3748973157316458,1.151108310407782,available
533512334,268.54909925996003,296.3023048904902,436.80889202330195,2132.1726020876445,2049.5614425424665,2430.788663678877,1.0,1.0,74,74,293.6439376364264,215.69517754393453,196.8505476541292,382.8889533402881,-77.94876009249188,1896.2243582860187,1882.784633224708,1851.8300612523967,2114.527721626493,-13.439725061311036,215.69517754393456,196.8505476541292,382.8889533402881,1882.784633224708,1851.8300612523967,2114.527721626493,74,92.0,30.0,101,上福井周辺,52.853921716025496,249.38796886293653,1.2450398859995828,1.1324569812511172,available
533512343,381.43372914498667,372.0957740347165,517.1844742194211,1550.6099710950114,1533.0003911101155,1740.5383457689977,1.0,1.0,121,121,288.79290171976805,245.60163242417656,219.89106059007892,373.5670029706265,-43.191269295591496,1339.1137757869292,1221.6335113269113,1186.3430701710863,1413.914141794374,-117.4802644600179,245.6016324241765,219.89106059007892,373.5670029706265,1221.6335113269108,1186.3430701710863,1413.914141794374,121,233.0,84.99999999999999,91,福井小学校口周辺,135.8320967208101,328.9764597681001,1.553058607062577,1.2692922686860262,available
533512344,261.9248936145443,261.57710529397684,351.9563688016609,1015.6190668720999,989.3358518997236,1304.1870299945178,1.0,1.0,188,188,278.6765336226648,188.59670569058216,191.8143585305859,282.64852244706327,-90.07982793208262,796.6430113411278,760.1960505388181,760.3150844588117,1007.2411502797396,-36.44696080230972,188.59670569058213,191.8143585305859,282.64852244706327,760.1960505388181,760.3150844588117,1007.2411502797396,188,421.0,131.0,137,福井小学校口周辺,73.32818792396216,255.4230163332818,1.38880948453186,1.3359962422223068,available
533512352,509.293912554925,491.1710183080262,638.0078928165141,401.5775885028801,375.5846308902805,527.5493374281087,0.9878891850593805,0.9878891850593805,153,153,624.0944360921821,399.5146398955407,393.5685634701745,464.1054473562008,-224.5797961966415,497.137808133289,282.30579783156423,259.6134052263898,371.26968509120746,-214.8320103017248,399.5146398955407,393.5685634701745,464.1054473562008,282.3057978315643,259.6134052263898,371.26968509120746,155,259.0,77.0,135,千日前周辺,109.77927265938428,119.27179067131584,1.2747816017157414,1.4224914670101054,partial
533512353,166.07890524110687,159.0679989976219,243.96135245269153,547.2800009879294,556.2146786847588,644.8236509494938,1.0,1.0,100,100,215.25422245420427,96.67261877286124,99.5616768108273,153.10826656794958,-118.58160368134304,346.27772205016925,316.69106147787767,334.3509889199077,435.4530519884554,-29.586660572291574,96.6726187728612,99.5616768108273,153.10826656794958,316.6910614778776,334.3509889199077,435.4530519884554,100,193.0,80.99999999999997,227,舞鶴港とれとれセンター前周辺,69.40628646824563,230.58893951005172,1.717951860095156,1.7281195068593984,available
533512354,365.09299801513345,362.5828435112248,528.0634733468094,232.86999759877807,241.4594598191621,346.2208326525691,1.0,1.0,286,286,341.6357825948548,299.4627619458225,309.46365190546214,419.2932581312688,-42.17302064903225,221.69863616936811,151.67748101435984,145.81298754833637,262.4655677134775,-70.0211551550083,299.4627619458225,309.46365190546214,419.2932581312688,151.67748101435987,145.81298754833637,262.4655677134775,286,474.0,180.0,207,西町周辺,65.63023606931097,81.19251658441823,1.2191599237343056,1.5352971056839442,available
533512361,291.97610387478966,289.03775048219336,446.2804769518096,232.50896715177686,230.9305656192749,349.43564635934223,1.0,1.0,479,479,163.80467894627742,226.55654086911235,221.569524045567,353.7920223720484,62.751861922834905,20.09678804020568,152.58591711316376,144.13439290247408,258.7945602943707,132.48912907295806,226.55654086911235,221.569524045567,353.7920223720484,152.58591711316376,144.13439290247408,258.7945602943707,479,1223.0,429.0,282,千日前周辺,65.4195630056773,79.9230500386131,1.2887560109927345,1.523790475233301,available
533512362,258.9367149816918,266.49616743444915,368.52511569781,210.53447861042838,202.02641807759892,306.2770336228572,1.0,1.0,490,490,147.8574957551451,186.95854804084075,184.8493696556266,295.4350232011382,39.10105228569566,94.6420960277846,134.0752249657183,130.64990564119014,212.45600445556852,39.4331289379337,186.95854804084075,184.8493696556266,295.4350232011382,134.07522496571832,130.64990564119014,212.45600445556852,490,1074.0,320.0,270,東田辺周辺,71.97816694085105,76.45925364471009,1.384995324873445,1.5702713060094433,available
533512363,254.10096572228792,244.13610745596364,390.84515887866337,265.30141876802793,254.10736419362968,378.0028956120296,1.0,1.0,458,458,62.73342482680828,190.7270769305915,184.0704284929049,301.48325079615825,127.99365210378318,176.1061818370378,175.11757542152563,157.17824796888985,287.60214014352886,-0.98860641551218,190.7270769305915,184.0704284929049,301.48325079615825,175.1175754215256,157.17824796888985,287.60214014352886,458,895.0,334.0,273,本町周辺,63.37388879169643,90.1838433465023,1.332275258508571,1.5149902465781673,available
533512364,319.2014833529424,321.47611692862336,418.7969839457891,443.89514659604777,479.68307595577943,561.8014854253853,1.0,1.0,330,330,325.3254761812133,238.24429141721697,246.70534381186155,318.0223286012473,-87.0811847639963,323.0638596656908,301.4655427153868,300.38610420534604,432.3250615808941,-21.598316950303968,238.244291417217,246.70534381186155,318.0223286012473,301.46554271538685,300.38610420534604,432.3250615808941,330,701.0,206.0,188,東田辺周辺,80.9571919357254,142.42960388066098,1.3398074785093255,1.4724573249657542,available
533512371,200.92369770977885,181.30631893145622,319.60277580837715,303.0728261708241,341.1939240591225,462.6118056233299,1.0,1.0,251,251,170.096794129985,137.0911148042643,129.19784203701374,244.503761509962,-33.005679325720735,142.86127321770732,201.48630087766355,214.52095397026827,328.43752201468226,58.62502765995623,137.0911148042643,129.19784203701374,244.503761509962,201.48630087766355,214.52095397026827,328.43752201468226,251,561.0,256.0,250,倉谷西周辺,63.832582905514556,101.58652529316055,1.4656215904046979,1.5041857677204609,available
533512372,290.67802828779196,274.595030725873,422.11465786589366,816.1516531019545,853.9198691019924,1012.9134139324484,1.0,1.0,255,255,262.7081776272447,214.22065715504868,210.71646717236163,324.276626489274,-48.48752047219602,653.2793652516577,680.8189213550855,714.4947158577775,856.2342465176825,27.5395561034278,214.2206571550487,210.71646717236163,324.276626489274,680.8189213550856,714.4947158577775,856.2342465176825,255,603.0,127.0,158,福来西周辺,76.45737113274328,135.33273174686894,1.356909422966642,1.198779333978418,available
533512373,340.5752836125752,326.9731217184025,541.2042930322992,311.44392570784817,323.85979392043174,470.5271232799333,1.0,1.0,532,532,309.7559248791224,222.6693511141725,217.33846813006724,319.33376621846105,-87.08657376494986,206.12923173719253,183.0873115191464,185.466982222439,295.8943608432583,-23.04192021804616,222.66935111417257,217.33846813006724,319.33376621846105,183.0873115191464,185.466982222439,295.8943608432583,532,1059.0,329.0,218,倉谷西周辺,117.9059324984027,128.35661418870177,1.5295112771849193,1.7010677753891146,available
533512374,282.5906843541912,263.40512968484546,462.3664815603335,714.571983187101,750.7094261345604,958.514028007297,1.0,1.0,353,353,240.75460785975255,197.8420745783717,188.25351105596337,313.1689301202715,-42.91253328138092,468.4086440630451,490.44117774906056,485.700123261699,681.4189123437222,22.032533686015483,197.8420745783717,188.25351105596337,313.1689301202715,490.4411777490606,485.700123261699,681.4189123437222,353,740.0,237.0,187,福来西周辺,84.74860977581949,224.1308054380404,1.428364946922591,1.4569983427303475,available
533512381,607.2933948721409,614.1950400694776,783.2191686729706,1237.774860318811,1245.777949425831,1414.8020780293236,1.0,1.0,143,143,510.1563674317789,448.80958572630846,471.0113191868937,533.3629677981316,-61.34678170547039,933.306133366616,997.7564773147316,1010.087018377051,1087.14815100714,64.45034394811535,448.80958572630857,471.0113191868937,533.3629677981316,997.7564773147318,1010.087018377051,1087.14815100714,143,262.0,78.00000000000001,81,福来東周辺,158.48380914583242,240.0183830040795,1.353120374845288,1.2405580805148393,available
533512383,215.60282390738166,217.09753354674874,295.1517780974407,586.2950450879894,573.1746350493405,874.6969360210119,1.0,1.0,193,193,207.8569349716477,155.79757651090208,151.9324015188487,219.4539587396281,-52.05935846074564,496.79992595009793,494.8680913266785,496.7951278278397,774.882488675811,-1.9318346234194337,155.7975765109021,151.9324015188487,219.4539587396281,494.8680913266784,496.7951278278397,774.882488675811,193,386.0,98.0,205,福来東周辺,59.80524739647959,91.42695376131087,1.38386506860904,1.1847501493099035,available
533512384,480.97344063948515,500.7087587085093,532.0625607777707,558.461766369022,587.4399137105546,641.1550049402008,1.0,1.0,17,17,532.8445937659077,425.8744127600246,443.8139602890839,491.459863534329,-106.97018100588308,491.6798802331391,394.6108613664858,418.4272760270626,471.9695534476856,-97.06901886665328,425.8744127600246,443.8139602890839,491.459863534329,394.61086136648566,418.4272760270626,471.9695534476856,17,22.000000000000004,15.000000000000002,202,昭和台周辺,55.09902787946055,163.85090500253625,1.1293785825787759,1.4152214777746919,available
533512441,729.6838301060301,718.706381087382,911.6292367238643,1613.428253508968,1580.3359197782113,1756.2978933919092,1.0,1.0,54,54,548.9209169499675,514.4927198085113,528.6368066172681,639.2228237189673,-34.42819714145617,1314.484403856397,1225.0877057162406,1225.070896523958,1280.7845921366586,-89.39669814015633,514.4927198085114,528.6368066172681,639.2228237189673,1225.0877057162406,1225.070896523958,1280.7845921366586,54,98.0,41.0,57,福井小学校口周辺,215.19111029751878,388.3405477927274,1.4182588052511425,1.316989996700429,available
533512442,1058.394874184103,1085.9588125104892,1112.8923133553885,1716.5758723118292,1697.3742549669626,1776.325107255807,1.0,1.0,9,9,437.822141726399,684.5082298325245,683.8583236192825,695.2584387656968,246.6860881061255,754.5484830119393,997.6939596731174,983.396523589342,1046.2159594925308,243.1454766611781,684.5082298325245,683.8583236192825,695.2584387656968,997.6939596731175,983.396523589342,1046.2159594925308,9,20.0,8.0,223,下福井周辺,373.8866443515784,718.8819126387118,1.5462120513044169,1.7205435150416717,available
533512443,1078.7470831143733,1026.9010109771073,1319.0574630437623,1693.5789346674433,1706.2045413721437,1746.496122524249,1.0,1.0,49,49,972.9348813705788,809.7048701082748,782.4549672950521,976.354541517684,-163.23001126230395,1445.6442154317745,1170.1922995303355,1163.756426599083,1229.1029421051276,-275.4519159014389,809.7048701082748,782.4549672950521,976.354541517684,1170.1922995303355,1163.756426599083,1229.1029421051276,49,50.0,15.999999999999998,77,福井小学校口周辺,269.04221300609845,523.3866351371078,1.3322719461599901,1.447265492472624,available
533512444,1261.4016071025057,1306.2153192876078,1354.8138992980955,1624.4296669821376,1613.9524924893446,1724.3111938534064,1.0,1.0,70,70,835.6845590971143,915.6064152688908,932.8376950531303,1033.0527923801512,79.92185617177654,965.1014324802916,1135.7357378442878,1140.2569366110686,1222.3891665964975,170.63430536399608,915.6064152688912,932.8376950531303,1033.0527923801512,1135.7357378442875,1140.2569366110686,1222.3891665964975,70,152.0,15.0,119,下福井周辺,345.7951918336149,488.69392913784986,1.3776679434165644,1.430288413804278,available
533512461,178.14724735435874,177.75517072438365,290.7671804112636,287.5114883588918,282.1869890294129,444.02957776013744,1.0,1.0,551,551,140.20193080394685,124.18631360274108,121.16608196606218,202.41802579970283,-16.01561720120577,251.2269619320982,185.07569125761623,185.60572788646556,301.3415161157238,-66.15127067448196,124.18631360274108,121.16608196606218,202.41802579970283,185.07569125761623,185.60572788646556,301.3415161157238,551,1026.0,385.0,245,平野屋周辺,53.96093375161766,102.4357971012756,1.434515947741496,1.5534805592523224,available
533512463,167.52061760672606,158.98840696638015,285.9478012003244,767.1158644686376,756.9669698140312,974.9630853875506,1.0,1.0,326,326,18.258176453928733,114.12751264656175,96.14573412022162,202.3168597414744,95.86933619263304,544.1271258511263,536.2822880165987,553.1875333168496,682.9471155394816,-7.844837834527539,114.12751264656174,96.14573412022162,202.3168597414744,536.2822880165986,553.1875333168496,682.9471155394816,326,566.0,273.99999999999994,279,吉原小学校前周辺,53.39310496016431,230.83357645203887,1.4678372788647018,1.430432967133336,available
533512471,263.01862229380527,285.59996581450855,409.5199265253807,478.38636807918687,510.9629277373538,588.8292951671049,1.0,1.0,74,74,250.53001573661703,137.9748588883075,134.30326248222994,235.3815893990001,-112.55515684830954,299.641048271448,242.3215753655171,205.749601709595,406.67296872802143,-57.31947290593087,137.97485888830747,134.30326248222994,235.3815893990001,242.32157536551708,205.749601709595,406.67296872802143,74,448.0,75.0,229,倉谷口周辺,125.04376340549777,236.06479271366976,1.9062793353296514,1.9741798366802064,available
533512472,220.08006763458553,211.05576575702548,345.5249538383988,745.272691951682,769.0932527759325,984.8727774795695,1.0,1.0,191,191,59.59801626920296,124.89255890487428,122.90471364081831,188.3966385649324,65.29454263567132,437.2520816462997,400.6883337613739,419.3345356709784,505.2575103355564,-36.56374788492582,124.89255890487426,122.90471364081831,188.3966385649324,400.6883337613738,419.3345356709784,505.2575103355564,191,226.0,101.0,268,上安周辺,95.18750872971125,344.5843581903081,1.7621551641216016,1.859981010566487,available
533512473,648.0936808729996,646.5031294932118,756.044531375677,347.5672832995094,357.11467024458824,411.7663464894086,1.0,1.0,61,61,643.229235982327,545.1895544933731,543.3401785249009,653.7614595870963,-98.039681488954,379.0427431498539,174.14577317026698,179.03937172555516,227.7428437607672,-204.8969699795869,545.189554493373,543.3401785249009,653.7614595870963,174.14577317026692,179.03937172555516,227.7428437607672,61,156.99999999999997,47.99999999999999,164,倉谷口周辺,102.90412637962652,173.42151012924245,1.1887492625849223,1.9958410529992228,available
533512474,279.0421426039157,247.98525633118302,326.9606706934081,1093.009819768812,1205.3400043801862,1249.9764934045966,1.0,1.0,15,15,407.3977676720435,231.80414848925443,188.88014016509152,307.9738617267161,-175.5936191827891,207.4698632698153,410.92272031977177,446.73427477771,457.8043671353017,203.4528570499565,231.8041484892545,188.88014016509152,307.9738617267161,410.9227203197717,446.73427477771,457.8043671353017,15,100.0,83.0,219,五老トンネル西口周辺,47.23799411466126,682.0870994490401,1.2037840755764173,2.6598914241545315,available
533512481,226.58463026054204,231.91606112162742,337.0273103095298,371.85484132842157,383.1132131344859,527.6845267334015,1.0,1.0,210,210,203.81836879734527,137.53482779231405,137.78274136979005,207.30211376821364,-66.28354100503122,223.446482077302,151.9531648033869,149.47856058353273,213.07305236309483,-71.49331727391512,137.5348277923141,137.78274136979005,207.30211376821364,151.95316480338693,149.47856058353273,213.07305236309483,210,393.0,135.00000000000003,238,昭和台周辺,89.049802468228,219.90167652503467,1.6474709271654349,2.447167466433271,available
533512482,340.00002255530126,346.2776147756869,471.4016278643929,454.6468656158316,474.95692453870777,585.7333525675757,1.0,1.0,476,476,193.63335969534185,227.3431930792196,221.95538291892643,344.982513958994,33.70983338387779,252.8965954960703,270.9102096318862,283.3420011772352,386.4129075125022,18.013614135815885,227.3431930792196,221.95538291892643,344.982513958994,270.9102096318862,283.3420011772352,386.4129075125022,476,1398.0,314.0,231,天台周辺,112.65682947608167,183.7366559839454,1.4955364088548957,1.6782197549276843,available
533512542,1468.583704241072,1468.339290580715,1530.7046820162448,1651.808187004972,1651.3071880506368,1713.6725794861666,1.0,1.0,98,98,1277.663664590318,1178.6285678092845,1180.5907371550647,1235.5921943018843,-99.03509678103389,1311.820511022164,1171.1440543218498,1172.3393333120116,1222.72939237759,-140.67645670031425,1178.6285678092845,1180.5907371550647,1235.5921943018843,1171.1440543218494,1172.3393333120116,1222.72939237759,98,173.00000000000003,69.0,22,下福井周辺,289.9551364317874,480.66413268312226,1.2460106129709096,1.4104227237540394,available
533512551,1729.6036095572974,1690.0120992960858,1828.751171189186,1912.5715070272186,1872.9799967660076,2011.7190686591077,1.0,1.0,43,43,1143.3089616982988,1250.303500199381,1266.8446760229076,1303.1283822211708,106.99453850108216,1098.280423972322,1231.16544278605,1222.970143115902,1317.5418259569758,132.8850188137278,1250.303500199381,1266.8446760229076,1303.1283822211708,1231.1654427860497,1222.970143115902,1317.5418259569758,43,37.0,12.999999999999998,117,合同庁舎前周辺,479.3001093579164,681.4060642411685,1.3833470107709722,1.5534642547302087,available
533512553,1902.1089271937226,1907.3801252282794,1920.6131515785237,2085.0768246636453,2090.348022698201,2103.5810490484455,1.0,1.0,11,11,1306.4595930769244,1321.767776803873,1329.3809655472114,1344.593546490221,15.308183726948528,1556.6224480496833,1356.7675891703743,1367.5416825131203,1377.4470054887552,-199.85485887930872,1321.767776803873,1329.3809655472114,1344.593546490221,1356.7675891703748,1367.5416825131203,1377.4470054887552,11,21.0,9.0,127,二尾周辺,580.3411503898496,728.309235493271,1.439064380728932,1.5367973419372525,available
533512561,309.8468580599559,315.9246288342075,475.8388580422177,1315.4172662608908,1415.511490067968,1511.3900047234936,1.0,1.0,169,169,311.8748319816084,236.98039649678043,267.25443695909007,343.07989568156825,-74.89443548482797,957.9785692244318,964.0143620446038,990.1988813752416,1141.8195871226733,6.035792820171992,236.9803964967804,267.25443695909007,343.07989568156825,964.0143620446038,990.1988813752416,1141.8195871226733,169,246.0,104.0,108,東吉原周辺,72.86646156317545,351.40290421628697,1.3074788574934526,1.3645204034833953,available
533512563,144.52421957043637,156.724729132361,189.6755735687991,1733.3536506445269,1673.729375827157,1838.914908146795,1.0,1.0,6,6,184.38741202237432,117.53510931870014,115.22579373265808,145.0490009533349,-66.85230270367418,1402.4071112461568,1378.8047831732054,1298.547611340544,1508.6156499227852,-23.602328072951423,117.53510931870017,115.22579373265808,145.0490009533349,1378.8047831732051,1298.547611340544,1508.6156499227852,6,67.0,22.0,189,二尾周辺,26.989110251736236,354.5488674713215,1.2296259424794886,1.2571421798054374,available
533512581,349.0371700026035,316.805276699283,513.9251567753973,1705.6212659506825,1670.9123456436541,1868.0322257197683,1.0,1.0,75,75,391.564166873634,297.07809338539954,277.9159785509174,462.99036416942914,-94.48607348823448,930.2425990980212,750.6856360387291,727.6955281202376,853.815692530892,-179.556963059292,297.0780933853997,277.9159785509174,462.99036416942914,750.6856360387293,727.6955281202376,853.815692530892,75,127.0,68.00000000000003,102,五老トンネル西口周辺,51.95907661720395,954.9356299119535,1.1749003974850392,2.2720845904965294,available
533512582,196.13270166234503,166.651494748059,346.8778121984028,1192.5276234249254,1254.142293328672,1438.7358291561595,1.0,1.0,10,10,156.38218560847886,180.24068514982164,117.58763116278392,339.7142969878381,23.85849954134278,995.228217133626,963.8099629641184,1003.6743191289264,1049.780151223823,-31.418254169507577,180.2406851498216,117.58763116278392,339.7142969878381,963.8099629641184,1003.6743191289264,1049.780151223823,10,34.0,21.0,217,五老ヶ岳公園口周辺,15.892016512523384,228.717660460807,1.0881710835670284,1.2373057648806665,available
533512584,515.6234076653407,528.9220333085807,600.4917793402872,844.1049190793873,822.2071025188247,992.0445961459835,1.0,1.0,32,32,339.39266214500185,346.45080046709745,345.5531263290121,373.1006205642949,7.058138322095601,771.5003850409812,643.8093282097732,539.8361923068502,838.5899674639646,-127.69105683120802,346.4508004670974,345.5531263290121,373.1006205642949,643.8093282097731,539.8361923068502,838.5899674639646,32,47.0,12.0,198,五老ヶ岳公園口周辺,169.1726071982432,200.2955908696141,1.4883019666000443,1.3111101099242717,available
533512593,340.281668487942,345.1467203190857,551.7259517870655,544.7647629300486,523.7561168436957,773.8566633453141,1.0,1.0,50,50,387.8448006728976,277.56709872518474,286.75514146868693,458.2547633787403,-110.2777019477129,580.3246239794789,468.0508592887294,443.4980270772584,678.5584049357157,-112.27376469074954,277.5670987251848,286.75514146868693,458.2547633787403,468.05085928872944,443.4980270772584,678.5584049357157,50,62.0,28.000000000000004,178,道芝口周辺,62.714569762757264,76.71390364131923,1.225943817011432,1.1639007858203638,available
533512594,691.7779303227161,662.5414083609245,794.2644421909075,818.3698402078265,789.1333182460352,920.8563520760182,1.0,1.0,27,27,725.6273654718804,563.7600538355554,554.8679051365549,632.6939831871484,-161.86731163632498,849.6460459260143,639.8499630165178,630.3245736277844,725.0750509339168,-209.79608290949648,563.7600538355554,554.8679051365549,632.6939831871484,639.849963016518,630.3245736277844,725.0750509339168,27,33.0,14.0,143,舞鶴市リサイクルプラザ前周辺,128.01787648716072,178.51987719130875,1.227078658049977,1.279002715495508,available
533512682,405.4079693535436,456.9043335697187,539.952018868718,437.98663695821665,425.0962276709404,498.7857370982221,1.0,1.0,44,44,473.85612468306607,312.0198846741359,331.3897440657093,408.1219532343517,-161.8362400089302,524.2617694726932,323.6651475401412,316.521844707673,370.4798022376789,-200.59662193255207,312.01988467413605,331.3897440657093,408.1219532343517,323.6651475401413,316.521844707673,370.4798022376789,44,61.0,34.000000000000014,162,道芝口周辺,93.38808467940771,114.32148941807543,1.2993017088540348,1.3532091431126274,available
533512683,431.79190579558434,377.90168622372425,854.864106581366,1650.6436403331547,1694.6568969474627,1758.0683058958512,1.0,1.0,21,21,601.7824126283984,358.65488800665065,305.0109231558428,687.0507912348543,-243.1275246217478,1133.0317676139662,1264.2385284139802,1305.416444988468,1351.6631038803475,131.20676080001408,358.6548880066506,305.0109231558428,687.0507912348543,1264.2385284139805,1305.416444988468,1351.6631038803475,21,49.00000000000001,10.000000000000002,154,和田周辺,73.13701778893369,386.4051119191745,1.2039203151403237,1.3056425692103606,available
533512684,738.9439851399407,666.5039487678793,958.1841688888854,810.3644523273628,701.1389527829207,1108.1894568657603,1.0,1.0,35,35,644.1455499838265,565.0711593641388,497.3222662336652,757.9805517438166,-79.07439061968773,617.947061143473,627.4234743938605,540.9356018773343,835.0311136904454,9.476413250387507,565.071159364139,497.3222662336652,757.9805517438166,627.4234743938605,540.9356018773343,835.0311136904454,35,62.0,24.000000000000004,150,上四丁目周辺,173.87282577580186,182.94097793350227,1.307700761035932,1.2915749655529503,available
533512691,229.71322710156696,235.71130638242647,337.1561268329421,253.25126678065376,217.31946805291952,423.4688144382749,1.0,1.0,377,377,134.41291403715854,178.9991079838893,170.98506497768133,280.611305013975,44.58619394673076,128.17104742033453,191.44694355678283,164.75178669989543,358.1212306973956,63.275896136448296,178.99910798388933,170.98506497768133,280.611305013975,191.4469435567828,164.75178669989543,358.1212306973956,377,686.0,243.0,260,道芝口周辺,50.714119117677654,61.80432322387094,1.2833205130957532,1.3228274219250717,available
533512692,655.5364639196849,664.4273123364981,701.2546422113103,782.1283738047955,791.0192222216087,827.846552096421,1.0,1.0,42,42,664.3777972596554,509.0095098039972,505.7712164904758,564.509727019059,-155.36828745565816,633.6639040263276,537.9809992909305,530.9329548185232,582.4968098745574,-95.68290473539707,509.0095098039973,505.7712164904758,564.509727019059,537.9809992909305,530.9329548185232,582.4968098745574,42,77.0,24.000000000000004,146,上四丁目周辺,146.52695411568772,244.14737451386497,1.2878668301739793,1.453821556589649,available
533512693,210.91212440221398,199.3353938756307,314.17262716109883,248.82770503532038,248.98764436695967,380.31768590928704,1.0,1.0,405,405,78.05816029913835,161.0717957632923,155.05464266004157,239.03775351476528,83.01363546415395,210.1190682329488,180.9967125684004,187.62104412523283,284.5865951042577,-29.122355664548397,161.07179576329227,155.05464266004157,239.03775351476528,180.99671256840043,187.62104412523283,284.5865951042577,405,781.0,284.0,262,上四丁目周辺,49.840328638921676,67.83099246691998,1.3094292728452968,1.3747636711428446,available
533512694,,,,,,,,,8,8,457.8957066188121,,,,,210.520110176422,,,,,256.78514240037333,259.84630368297525,269.76489210982425,138.33479344412953,139.38363774578252,160.15220953731628,8,731.0000000000001,0.0,280,造船所前周辺,,,,,available
533512772,237.067985472011,212.68663900671473,325.910871307188,2003.2283312273937,1985.3544062003025,2165.167653137423,1.0,1.0,168,168,135.7276983751817,113.47056688066662,114.6650705658204,182.4136163415853,-22.257131494515065,1351.7426610518594,1374.9065959035777,1378.6663020022104,1463.9637750111888,23.16393485171829,113.4705668806666,114.6650705658204,182.4136163415853,1374.9065959035772,1378.6663020022104,1463.9637750111888,168,241.0,70.99999999999999,197,和田周辺,123.59741859134438,628.321735323816,2.0892465067291663,1.4569923056561438,available
533512774,423.234623310547,268.0193546228503,680.9212282759702,1881.6585345740348,1641.4699223945033,2252.6192682590245,1.0,1.0,50,50,419.1914856808429,259.8014038991953,217.7082569823208,365.02055038861903,-159.39008178164755,943.1379879323548,878.1577410813891,886.3779325768885,970.6274429465252,-64.98024685096573,259.8014038991953,217.7082569823208,365.02055038861903,878.1577410813891,886.3779325768885,970.6274429465252,50,56.0,25.0,128,加津良周辺,163.43321941135173,1003.5007934926457,1.6290698085479358,2.1427340972441984,available
533512781,585.2616182204474,596.9474413577989,809.4679742386817,2021.6372835392738,2022.9094045067104,2199.688816845946,1.0,1.0,442,442,446.6014273594725,385.1879138695558,372.57921031109424,542.7895006006848,-61.41351348991663,1038.193208938622,1094.6919550059154,1091.257327683514,1273.782680303015,56.49874606729327,385.1879138695558,372.57921031109424,542.7895006006848,1094.6919550059151,1091.257327683514,1273.782680303015,442,828.0,335.0,47,和田周辺,200.0737043508916,926.9453285333584,1.5194184374607524,1.8467636254149227,available
533512782,379.858494330508,371.2270306290705,633.3682172606857,523.196494211153,551.6623224682012,751.5138468716129,1.0,1.0,238,238,373.58713289576485,289.71408337011235,271.6362573773707,477.53966989058375,-83.8730495256525,474.4616453481453,430.4675862125269,459.95895160129817,608.7552383919739,-43.99405913561839,289.7140833701124,271.6362573773707,477.53966989058375,430.46758621252695,459.95895160129817,608.7552383919739,238,367.0,131.0,160,下四丁目周辺,90.14441096039565,92.72890799862608,1.3111495648115779,1.2154143795459775,available
533512783,150.0628683634869,105.40940101043584,253.53200424442767,1392.8412176320887,1388.7021314868048,1626.9825720160807,1.0,1.0,190,190,118.05523659047964,92.8636228482279,80.70480401501815,145.1531991015539,-25.19161374225173,784.2023868169337,769.7560478316021,750.9186406387608,855.254506092609,-14.446338985331522,92.8636228482279,80.70480401501815,145.1531991015539,769.7560478316021,750.9186406387608,855.254506092609,190,204.0,102.0,234,加津良上周辺,57.199245515258994,623.0851698004866,1.615948891082387,1.8094579725040336,available
533512784,173.5636756460028,180.00765471799994,274.85819831081636,682.9997543716047,725.8903952968809,924.0732765548144,1.0,1.0,158,158,97.04775351127807,109.82401027237532,96.0720293763942,197.78478098680392,12.776256761097258,606.1113773719546,514.8098579374357,530.3712747090987,655.1554022487002,-91.30151943451892,109.82401027237532,96.0720293763942,197.78478098680392,514.8098579374356,530.3712747090987,655.1554022487002,158,174.0,114.0,246,長浜口周辺,63.739665373627474,168.189896434169,1.5803800572893512,1.3267029444774325,available
533512791,153.01796834729953,148.80029541061333,232.28547584919053,183.29171595863582,186.55804346698775,269.4653103029674,1.0,1.0,292,292,176.0376723901252,120.0334405868498,122.54238813265404,188.2682545729095,-56.00423180327542,125.61346025893292,127.20074449603632,131.68335062016732,194.97512332783268,1.587284237103404,120.0334405868498,122.54238813265404,188.2682545729095,127.20074449603634,131.68335062016732,194.97512332783268,292,662.0,207.00000000000003,254,中舞鶴周辺,32.98452776044972,56.0909714625995,1.2747944872627714,1.440964175837409,available
533512793,255.7502822381071,264.64992690764365,321.32853295856415,441.610786579298,350.63928848028627,1046.4580572653397,1.0,1.0,116,116,363.45701256384194,201.41911156970264,211.16248241975256,274.0806812451446,-162.0379009941393,397.55072370856,283.1900715843799,240.10932169607187,511.8404810037842,-114.36065212418008,201.41911156970264,211.16248241975256,274.0806812451446,283.1900715843799,240.10932169607187,511.8404810037842,116,460.00000000000006,78.0,184,長浜周辺,54.33117066840447,158.42071499491811,1.2697418841985249,1.5594147920108659,available
533512794,472.18705901510697,472.09404388587416,472.09404388587416,616.8426735692573,616.7496584400244,616.7496584400244,1.0,1.0,2,2,151.42893619333802,70.23065610385449,70.32159700574772,70.32159700574772,-81.19828008948353,385.2092979339459,525.415982787635,525.3400259738745,525.3400259738745,140.20668485368913,70.23065610385449,70.32159700574772,70.32159700574772,525.415982787635,525.3400259738745,525.3400259738745,2,113.0,1.0,281,本館前周辺,401.9564029112525,91.42669078162226,6.723375306601924,1.1740082025989216,available
533512882,140.54155388841204,135.08856933807402,210.0640937123653,1094.426037348945,1109.816583872263,1170.3078765744513,1.0,1.0,42,42,316.63331866013084,98.5680677948342,93.53839064621228,140.6677191737178,-218.06525086529663,688.0316184948528,794.1063366810442,838.5024645731645,903.257643160014,106.07471818619148,98.56806779483418,93.53839064621228,140.6677191737178,794.106336681044,838.5024645731645,903.257643160014,42,68.0,24.0,179,高倉神社前周辺,41.97348609357783,300.31970066790086,1.4258324935509956,1.3781857501894301,available
533512891,139.32056456040334,137.7351786039283,227.09585242636552,1118.1167747116417,1104.2932444517357,1190.6768844087323,1.0,1.0,49,49,288.8570444872327,94.63964032237564,89.29555945187765,164.46397983881124,-194.21740416485707,853.0455944355106,852.145358832547,882.5774158768417,960.937609777034,-0.9002356029635621,94.63964032237566,89.29555945187765,164.46397983881124,852.1453588325471,882.5774158768417,960.937609777034,49,72.0,14.000000000000004,194,高倉神社前周辺,44.6809242380277,265.9714158790947,1.4721163783571967,1.3121197729029233,available
533513314,575.4101652921023,562.245437014525,746.7852224520581,1664.3653061697141,1687.707591134954,1823.1485117954546,1.0,1.0,245,245,562.5974946252306,446.8814183475994,439.2956793580192,597.5062845079211,-115.71607627763126,1450.5478993305774,1444.7166428671458,1457.586394644865,1586.6129681480925,-5.8312564634316,446.8814183475994,439.2956793580192,597.5062845079211,1444.7166428671458,1457.586394644865,1586.6129681480925,245,471.00000000000006,200.0,23,常団地前周辺,128.52874694450293,219.64866330256837,1.2876126454748427,1.1520358088120723,available
533513323,288.6058032020159,278.13133421153947,460.98991234057166,1781.166916831893,1785.7173527806926,1998.981485156769,1.0,1.0,294,294,331.59077769872783,229.5693960038441,200.66246055321616,396.51269500928174,-102.02138169488371,1576.7345062953968,1439.9612786603725,1413.5315235376468,1615.1143306675183,-136.77322763502457,229.56939600384416,200.66246055321616,396.51269500928174,1439.9612786603727,1413.5315235376468,1615.1143306675183,294,601.0,265.00000000000006,44,常口周辺,59.036407198171815,341.2056381715206,1.2571614867914853,1.2369547315112193,available
533513404,406.94674559899556,403.89108331672736,554.0229487439912,1237.50453560656,1252.9557654053117,1422.2658847627044,1.0,1.0,116,116,450.30270908013193,351.41580012133124,362.373184580282,452.17119719216936,-98.88690895880067,844.8305929473295,808.8942425549396,797.5072139226479,892.7464132806092,-35.93635039238984,351.41580012133124,362.373184580282,452.17119719216936,808.8942425549398,797.5072139226479,892.7464132806092,116,323.99999999999994,97.0,90,白鳥団地前周辺,55.53094547766432,428.6102930516204,1.1580206281518688,1.5298718553093291,available
533513411,633.5062215712696,657.7333951906824,714.5212031024018,1109.9000647070511,1111.0430733481362,1264.9100290002793,1.0,1.0,90,90,639.2297566465631,491.7464050109808,502.6483902633364,573.9160452580116,-147.48335163558232,934.5460819926172,908.204166631079,911.4576645313432,964.945617106853,-26.341915361538213,491.7464050109808,502.6483902633364,573.9160452580116,908.2041666310788,911.4576645313432,964.945617106853,90,200.00000000000003,63.0,62,上地橋周辺,141.7598165602888,201.69589807597208,1.2882782977480502,1.222082110484198,available
533513412,338.26487353816356,342.97028148301604,465.80914033365144,1254.1698840089555,1260.5058863422912,1468.023472271893,1.0,1.0,527,527,226.65812828068368,240.3050262720037,240.4957292541892,344.273768172798,13.646897991319976,1017.9252595901264,1032.5761561118711,1058.2737450244856,1248.4975709411622,14.650896521744812,240.30502627200363,240.4957292541892,344.273768172798,1032.576156111871,1058.2737450244856,1248.4975709411622,527,1300.0,289.99999999999994,118,上地橋周辺,97.95984726615987,221.59372789708436,1.4076479330701894,1.21460279378471,available
533513413,546.0821828019618,550.6870245442382,661.6633564892039,532.7085509651776,515.9758497962133,672.8206918275774,1.0,1.0,358,358,565.7589538983921,466.0205145191739,471.7014131486384,564.2613958291342,-99.73843937921816,482.5258150977189,422.84571369253285,423.1969399282101,540.4488845726113,-59.68010140518607,466.020514519174,471.7014131486384,564.2613958291342,422.8457136925329,423.1969399282101,540.4488845726113,358,809.0,236.0,125,丸山口周辺,80.06166828278793,109.8628372726447,1.1717985920971594,1.2598177862872464,available
533513414,327.52532253252554,334.6475799118302,455.5020117401068,740.3750021279197,723.3236673476304,948.5475157197566,1.0,1.0,631,631,239.78374044285516,212.03287483146437,227.6746601540333,293.5346165920535,-27.750865611390797,586.4176376990416,563.273336765145,559.8981243426886,732.9844189303193,-23.1443009338966,212.03287483146437,227.6746601540333,293.5346165920535,563.273336765145,559.8981243426886,732.9844189303193,631,1235.0,364.0,168,上地橋周辺,115.49244770106117,177.10166536277472,1.5446912314557875,1.3144151405778624,available
533513421,204.7184888179168,171.87405653596892,612.5298486811153,1582.2148564279664,1587.0446213766188,1753.2851455562386,1.0,1.0,241,241,131.2643416774291,125.0612112037342,107.04944212268327,296.83298641365644,-6.203130473694884,1114.738453753337,1234.329603920698,1272.923222289789,1330.2261684647688,119.59115016736108,125.0612112037342,107.04944212268327,296.83298641365644,1234.3296039206975,1272.923222289789,1330.2261684647688,241,719.0000000000001,215.0,195,常口周辺,79.6572776141826,347.88525250726843,1.6369463149082641,1.2818414558009896,available
533513423,569.4124812990592,591.4802825923028,660.599145952629,813.9338262770264,664.6920445845386,1172.5119915597904,1.0,1.0,139,139,556.4427979861277,386.5838567085651,355.3031483109663,507.6578646016168,-169.85894127756262,653.111936359659,613.8252212338317,516.3683681729527,887.2511577799227,-39.2867151258273,386.5838567085651,355.3031483109663,507.6578646016168,613.8252212338316,516.3683681729527,887.2511577799227,139,300.0,128.0,99,常団地前周辺,182.8286245904941,200.10860504319464,1.4729339350771793,1.3260025787812406,available
533513501,499.11610431333185,526.8302655672605,683.8255564271337,1589.419853717326,1677.6166709153167,1800.387508425795,1.0,1.0,25,25,284.97080547437565,258.15956870444666,295.65742591075866,337.78581118014347,-26.811236769929,1274.786278282451,1219.0515505169492,1241.0344576190114,1520.4945071857142,-55.73472776550148,258.1595687044468,295.65742591075866,337.78581118014347,1219.0515505169494,1241.0344576190114,1520.4945071857142,25,158.99999999999997,8.0,216,舞鶴市リサイクルプラザ前周辺,240.9565356088852,370.3683032003769,1.9333627911531868,1.3038167688998215,available
533513502,471.2151398939322,564.4430784446478,848.4470753582843,1009.3083353799141,1045.1025919399551,1140.5241544316352,1.0,1.0,206,206,134.27948766494703,184.191911729264,175.54247062144438,342.7077875848741,49.91242406431695,707.4842883784464,753.6086328662566,791.292424393965,871.1801906963927,46.12434448781016,184.1919117292639,175.54247062144438,342.7077875848741,753.6086328662562,791.292424393965,871.1801906963927,206,907.0000000000002,209.0,220,白鳥団地前周辺,287.0232281646682,255.69970251365748,2.558283561259474,1.3393003893030464,available
533513504,594.800987994774,572.0753061262586,668.2949093232909,753.6012623815299,730.8755805130144,827.0951837100466,1.0,1.0,22,22,510.5454180468817,399.4517442108116,406.5160631676597,433.65929943978745,-111.09367383607014,840.2466643420112,581.8630280463613,578.5934837837932,645.4300671393078,-258.3836362956499,399.4517442108116,406.5160631676597,433.65929943978745,581.8630280463613,578.5934837837932,645.4300671393078,22,39.0,19.0,145,白鳥団地前周辺,195.34924378396238,171.7382343351686,1.4890434116639288,1.295152340082149,available
533513511,255.60534681847045,255.96621232773074,400.14334884715424,264.86824093061904,245.02114928554667,392.80246583559216,1.0,1.0,427,427,113.62286737861056,188.27705815219875,183.16368297821396,303.7346978482733,74.65419077358818,140.18349823738052,173.056116476751,166.31118201551774,277.6035060719717,32.872618239370496,188.27705815219875,183.16368297821396,303.7346978482733,173.056116476751,166.31118201551774,277.6035060719717,427,902.0,286.0,266,丸山口周辺,67.3282886662717,91.81212445386805,1.3576021918286247,1.530533831008524,available
533513512,189.2189697867174,189.12592674181104,299.6443008366721,326.7840105337766,317.2462387768022,479.97220356092976,1.0,1.0,595,595,185.3007432555784,136.7071258679006,138.84828904035288,212.1244751523469,-48.593617387677824,139.6166654384056,215.34435047976316,200.6411239807226,341.0190758940545,75.72768504135755,136.7071258679006,138.84828904035288,212.1244751523469,215.3443504797631,200.6411239807226,341.0190758940545,595,1151.0,422.0,251,行永周辺,52.511843918816794,111.43966005401344,1.3841192884821434,1.5174951643994297,available
533513513,264.4963566016128,262.56771857964304,419.4376181177682,390.63603959647435,399.6394616551039,553.2811929573502,1.0,1.0,593,593,207.0342918905616,172.96130523040492,178.66544463940326,270.352268774967,-34.07298666015666,353.94583482033465,275.75557210867976,287.3486919299224,408.3346442527384,-78.1902627116549,172.9613052304049,178.66544463940326,270.352268774967,275.7555721086798,287.3486919299224,408.3346442527384,593,1299.0,387.0,206,森町周辺,91.53505137120786,114.88046748779459,1.5292227140011019,1.4166025245086193,available
533513514,190.024729956892,175.1407395022933,314.14505846362727,245.65984238177768,225.44991235721506,432.0732252494508,1.0,1.0,653,653,102.52394591183788,144.108083287245,127.97919909782276,258.51548073153594,41.58413737540712,174.74883467012285,163.4752305624609,152.7193107694663,315.0969736211555,-11.27360410766198,144.108083287245,127.97919909782276,258.51548073153594,163.4752305624609,152.7193107694663,315.0969736211555,653,1918.0,499.0,257,行永郵便局前周辺,45.91664666964701,82.18461181931679,1.3186264477484109,1.502734338018967,available
533513521,577.0721265183566,595.0130051558209,744.1094062543579,342.9426894789053,338.9131769051844,523.7058199623536,1.0,1.0,660,660,433.3799410085032,418.4078213041013,424.6126086759813,542.7858975960493,-14.972119704401848,194.50637176121816,250.95785301693303,252.03531276516057,398.8562803666307,56.451481255714896,418.4078213041012,424.6126086759813,542.7858975960493,250.95785301693303,252.03531276516057,398.8562803666307,660,1387.0,401.0,201,舞鶴医療センター前周辺,158.66430521425536,91.9848364619723,1.379209701959508,1.3665349992285984,available
533513522,790.790902822819,761.4552572424212,978.3749033350257,566.0594403800042,574.1293224963156,658.3518796786415,1.0,1.0,132,132,543.0450586233042,623.4204687799368,616.7108629353737,745.1856185378878,80.3754101566326,640.485914656108,439.3771047536268,434.091851758162,528.1962111538138,-201.1088099024812,623.4204687799365,616.7108629353737,745.1856185378878,439.3771047536267,434.091851758162,528.1962111538138,132,236.00000000000003,106.0,113,溝尻周辺,167.37043404288227,126.68233562637738,1.2684711882662982,1.2883225690546902,available
533513523,281.8679630029961,255.00981396763854,472.35177117567747,292.3186964341853,290.8101911305273,448.2330897337054,1.0,1.0,420,420,149.3726608053634,192.626750830783,181.483953508991,320.8130436522877,43.2540900254196,145.01399485126993,182.260409523644,182.15187994752583,281.7237459446664,37.24641467237407,192.62675083078292,181.483953508991,320.8130436522877,182.26040952364397,182.15187994752583,281.7237459446664,420,1277.0000000000002,202.0,252,舞鶴医療センター前周辺,89.24121217221307,110.05828691054131,1.4632856640488572,1.603851857889433,available
533513524,255.41389208977094,258.5475889849553,337.9725179588168,1044.6498026311301,1079.6853667957052,1234.5666463644516,1.0,1.0,261,261,223.62784081884223,172.8816050175068,171.30564649112094,274.2155652810739,-50.74623580133547,648.0910371102367,761.8140358226786,759.0191805024978,926.2226136035528,113.72299871244196,172.8816050175068,171.30564649112094,274.2155652810739,761.8140358226788,759.0191805024978,926.2226136035528,261,512.0,129.0,172,溝尻周辺,82.53228707226413,282.83576680845147,1.477391953087817,1.371266153560716,available
533513533,277.6861167157151,286.93956375690396,390.0994064344484,1417.564559619365,1368.8019009062734,1713.7415220820483,1.0,1.0,69,69,314.7929090758552,181.4299188387149,167.7159332291838,303.5802637275919,-133.36299023714025,1191.980853639388,1086.8273408486473,1090.9657058486082,1222.0364137702918,-105.1535127907407,181.4299188387149,167.7159332291838,303.5802637275919,1086.8273408486475,1090.9657058486082,1222.0364137702918,69,135.99999999999997,22.0,144,堂の奥周辺,96.2561978770002,330.7372187707176,1.5305420323897556,1.3043144079467692,available
533513541,755.7167671345876,746.1501400441713,831.6455994950823,2295.8385693952487,2297.335812394457,2349.281627629181,1.0,1.0,15,15,929.470867611522,624.2370554029812,629.6306908422138,649.210539265926,-305.2338122085408,1946.8430976113152,1648.4899987282315,1638.7123062983862,1685.2475515168555,-298.3530988830835,624.2370554029814,629.6306908422138,649.210539265926,1648.4899987282315,1638.7123062983862,1685.2475515168555,15,12.0,7.000000000000001,166,堂の奥周辺,131.47971173160636,647.3485706670172,1.2106246506733385,1.3926918399058716,available
533513601,801.4436230401286,718.359149247279,1106.7724788715452,1640.8441951306859,1702.3376041912436,1745.4402118128337,1.0,1.0,94,94,706.6065340673392,689.368625714723,674.3416102751324,763.3773771260882,-17.237908352616273,901.5356432007736,713.2452045034869,626.9893973757582,1017.5871615231878,-188.29043869728676,689.3686257147231,674.3416102751324,763.3773771260882,713.2452045034873,626.9893973757582,1017.5871615231878,94,251.0,91.0,48,三宅団地前周辺,112.07499732540566,927.598990627199,1.1625762953879843,2.300533091243047,available
533513602,620.7603342313273,595.7548760090666,922.9158736275742,918.8222408795817,901.2934158422742,1227.2635069183766,1.0,1.0,176,176,610.315184455642,507.7187721234234,518.5222539671369,667.5435948555889,-102.59641233221856,635.371714458563,620.4742019592038,578.4971761523807,880.0270471878231,-14.897512499359207,507.7187721234235,518.5222539671369,667.5435948555889,620.4742019592038,578.4971761523807,880.0270471878231,176,330.0,109.0,103,市役所前周辺,113.04156210790393,298.3480389203779,1.2226460164849375,1.4808387487800732,available
533513603,362.6867494416746,338.9248249124059,541.0202378536027,1374.359831333813,1338.0534974979514,1546.7998169639966,1.0,1.0,123,123,352.0548083880494,302.4763307508154,298.207744315109,487.9190510723354,-49.578477637234016,638.2544597796258,779.254853852129,795.3104210750538,830.0609769362517,141.00039407250324,302.4763307508156,298.207744315109,487.9190510723354,779.254853852129,795.3104210750538,830.0609769362517,123,408.0,215.00000000000003,131,三宅団地前周辺,60.21041869085917,595.1049774816839,1.199058281821269,1.7636846591841835,available
533513604,264.3577096147594,274.33366928791304,348.79312435533336,600.419750299237,580.9127443458995,657.0767957993705,1.0,1.0,57,57,224.2445524093509,210.64342945351112,215.33058964755784,288.4903003747953,-13.60112295583977,665.754853489431,461.9372570890287,449.195598478706,489.5974789021877,-203.81759640040224,210.64342945351115,215.33058964755784,288.4903003747953,461.9372570890288,449.195598478706,489.5974789021877,57,83.0,36.0,191,市役所前周辺,53.7142801612483,138.48249321020825,1.2550009762972598,1.2997863694365719,available
533513611,206.4248302778441,211.8742545478852,299.5664128240975,278.41244202239864,297.9468025317933,388.0473182875387,1.0,1.0,192,192,148.37113344284307,141.66764073293928,127.88560883193904,227.7075883326352,-6.703492709903799,113.53765496381014,174.18343601465634,178.73398487120676,275.2343515590658,60.6457810508462,141.66764073293928,127.88560883193904,227.7075883326352,174.18343601465637,178.73398487120676,275.2343515590658,192,508.0,174.0,265,共済病院前周辺,64.75718954490483,104.2290060077423,1.457106430303163,1.598386438989366,available
533513612,329.19016227758704,311.44106456563003,493.3198203205152,232.87195849567553,201.5966123331999,375.3875131335855,1.0,1.0,286,286,188.13482953669188,221.425971280716,213.16336545553816,363.51277751822096,33.29114174402412,109.46716026907217,129.07219403390826,101.33587693059144,261.85758182772906,19.605033764836108,221.425971280716,213.16336545553816,363.51277751822096,129.07219403390826,101.33587693059144,261.85758182772906,286,1186.0,365.0,255,東舞鶴駅周辺,107.76419099687104,103.79976446176727,1.4866827065206882,1.804199271878018,available
533513613,223.94682641335848,227.19770474533027,346.9349026255882,295.4652537890972,290.9061929548159,450.36515808338027,1.0,1.0,365,365,192.5850078126812,136.38542635087506,126.63414368723755,242.5596338112075,-56.199581461806105,222.60443815312564,214.68794562375996,198.48486219112127,363.5449159813764,-7.916492529365712,136.38542635087506,126.63414368723755,242.5596338112075,214.6879456237599,198.48486219112127,363.5449159813764,365,1077.0,353.0,237,大門通三条周辺,87.56140006248341,80.77730816533722,1.6420143442395128,1.3762545117782217,available
533513614,287.930591535275,283.6009964471514,422.24670697801383,172.41543175796298,165.47670865476866,285.9196706158403,1.0,1.0,429,429,266.21368619471804,219.90090576393263,204.63868034138207,354.05840023787795,-46.31278043078541,66.96435227515086,112.28026616469944,100.14174569069132,215.49280143406307,45.31591388954858,219.90090576393263,204.63868034138207,354.05840023787795,112.28026616469946,100.14174569069132,215.49280143406307,429,979.0,329.0,258,七条周辺,68.0296857713424,60.13516559326354,1.309365191266531,1.535580896335369,available
533513621,182.59909592702735,173.1450527046166,301.9352348433972,385.51618618020626,398.3734383487256,547.8582045201732,1.0,1.0,383,383,168.42261281344187,132.9875230714594,126.03558791800651,219.22345977472455,-35.435089741982466,309.394089361232,310.83298986695,312.0408451799684,476.5713390139761,1.4389005057180384,132.98752307145938,126.03558791800651,219.22345977472455,310.8329898669501,312.0408451799684,476.5713390139761,383,848.0,316.0,235,中町周辺,49.61157285556794,74.68319631325625,1.373054341563379,1.240267921192097,available
533513622,315.4719894121337,309.5338006614675,485.5143515807497,760.186632447619,744.5767204283165,963.9502520700773,1.0,1.0,457,457,273.22389285317445,241.7952097061436,229.1095048061212,432.550431085754,-31.428683147030853,712.0910697651327,635.4071030878564,643.3011754088323,761.8464239558871,-76.68396667727632,241.7952097061436,229.1095048061212,432.550431085754,635.4071030878564,643.3011754088323,761.8464239558871,457,1018.0,330.0,133,梅ヶ谷口周辺,73.67677970599013,124.77952935976259,1.3047073587418474,1.1963772969382584,available
533513623,177.69719324547827,163.89489108698973,294.52636911884855,281.6784939579705,272.7863928470011,383.2532427006433,1.0,1.0,489,489,151.13165734385836,129.02799360849815,115.6541397017247,232.8747705859845,-22.10366373536021,181.2274721291165,179.9210035848488,184.7094511970253,277.18055705949604,-1.3064685442677444,129.02799360849815,115.6541397017247,232.8747705859845,179.9210035848488,184.7094511970253,277.18055705949604,489,1021.0,332.0,247,西町三丁目周辺,48.669199636980125,101.7574903731217,1.3771987634300054,1.5655676010340502,available
533513624,652.1787899950695,642.739340747992,709.6047793115354,1065.6017385483754,1059.2083439142352,1126.0737824777789,1.0,1.0,43,43,585.8789224992578,593.298538818544,597.5023735933939,648.2533532322321,7.419616319286206,666.4617111394427,634.908589743655,639.4532377749607,692.4154439109822,-31.553121395787684,593.2985388185439,597.5023735933939,648.2533532322321,634.9085897436549,639.4532377749607,692.4154439109822,43,68.0,28.0,132,中町周辺,58.88025117652546,430.6931488047203,1.0992421981921205,1.6783545785364364,available
533513711,256.22633971278134,231.82010043968984,351.90999293961113,236.29487445393872,230.66037118961592,336.0619960609556,1.0,1.0,75,75,337.2803810277101,199.78903560803823,201.92137557192248,249.3354652085399,-137.49134541967186,256.83762334493366,124.59079982904248,140.38709982516264,175.27541383412222,-132.2468235158912,199.78903560803823,201.92137557192248,249.3354652085399,124.59079982904248,140.38709982516264,175.27541383412222,75,215.0,48.00000000000001,215,大門通三条周辺,56.437304104743106,111.70407462489624,1.2824844913685165,1.896567601927038,available
533513712,172.51370807229023,176.3140650366974,255.20771583248322,210.6187703325714,213.92395105405762,326.5225693213947,1.0,1.0,170,170,220.69644102116607,132.26072937549398,135.44002728854403,204.16875306599616,-88.43571164567209,68.45790417949165,132.87038376756394,145.0628705160124,212.08328246206696,64.41247958807229,132.26072937549398,135.44002728854403,204.16875306599616,132.87038376756394,145.0628705160124,212.08328246206696,170,809.9999999999999,224.0,259,七条周辺,40.25297869679625,77.74838656500745,1.3043456579051238,1.5851445925001328,available
533513721,205.00595841972765,183.1139383594134,347.30630592609003,252.82065246055902,233.49704419735124,383.2220247234568,1.0,1.0,390,390,52.28269400448213,149.67261655089018,141.1575880757976,246.24146802254032,97.38992254640806,66.29273522734431,165.22689092421285,152.24424555639584,298.129114773921,98.93415569686854,149.67261655089015,141.1575880757976,246.24146802254032,165.22689092421285,152.24424555639584,298.129114773921,390,936.0,271.0,286,市場周辺,55.333341868837465,87.59376153634616,1.369695827760341,1.5301422852320337,available
533513722,730.7709922429971,786.8707778517779,883.6730194945704,722.232504624646,802.0597487060957,847.2643212298804,1.0,1.0,159,159,515.568288923447,448.3121105003055,467.8049911302719,508.5874935346099,-67.25617842314148,627.876080750062,538.3705038816281,579.7936129696923,620.6767769093299,-89.50557686843388,448.3121105003054,467.8049911302719,508.5874935346099,538.3705038816282,579.7936129696923,620.6767769093299,159,341.0,118.0,122,市場周辺,282.4588817426916,183.86200074301792,1.6300496353477363,1.341515739471945,available
533513723,469.7628835665333,470.5539300786041,632.9254999932634,478.90530381111375,473.79560183632367,638.492083697455,1.0,1.0,185,185,473.02987353489937,363.8543195464865,350.76021489505064,491.6500068060097,-109.17555398841284,427.9833556101608,354.67098520214176,334.13145168491485,508.7246518958683,-73.31237040801904,363.85431954648647,350.76021489505064,491.6500068060097,354.67098520214176,334.13145168491485,508.7246518958683,185,456.0,165.0,149,市場周辺,105.90856402004675,124.23431860897199,1.2910740874316204,1.350280467792328,available
533513724,717.3579237411884,729.5845097787601,885.9192959647523,827.9651444622107,801.3405887094365,1027.9528314178629,1.0,1.0,386,386,491.8521885248211,555.428484077833,573.4063069508799,666.8340414558253,63.5762955530119,762.8635982700614,627.2691451982672,621.0737436594159,728.1039870180755,-135.5944530717942,555.4284840778329,573.4063069508799,666.8340414558253,627.2691451982672,621.0737436594159,728.1039870180755,386,776.0,214.0,79,東高口周辺,161.92943966335542,200.69599926394346,1.2915396748731813,1.3199519708569556,available
533513731,1168.3589394480646,1255.599254932828,1255.599254932828,234.40781834508633,237.0702145787987,406.1054658018978,1.0,1.0,5,5,366.0310394462304,507.6561978569264,488.1587435274132,536.0041243599333,141.62515841069603,223.2865236640111,188.7355695008852,220.94634023348027,338.6978255912809,-34.55095416312594,507.6561978569264,488.1587435274132,536.0041243599333,188.7355695008852,220.94634023348027,338.6978255912809,5,115.0,101.0,208,東高口周辺,660.7027415911382,45.672248844201135,2.301476756080786,1.2419906802145577,available
533513733,446.4336981679446,442.7421889868476,586.8336807648512,1600.637457438663,1589.9835711200276,1753.2742439650563,1.0,1.0,232,232,137.7059405216422,292.419810597495,295.42669088725887,363.2690493835214,154.71387007585278,669.0299425017765,799.5070473352898,811.0299406369942,897.7922013384115,130.4771048335133,292.419810597495,295.42669088725887,363.2690493835214,799.5070473352897,811.0299406369942,897.7922013384115,232,638.0,147.0,221,東高口周辺,154.01388757044964,801.1304101033732,1.526687597723822,2.002030454607616,available
533513734,323.5742400667873,323.0853063401569,422.547034535606,1941.0667275474368,1917.7089352552102,2165.1902888445625,1.0,1.0,345,345,84.38464393334291,244.44996410184743,236.904386503299,355.2124394134485,160.0653201685045,809.0811925676635,900.6765993810342,888.8456037998743,1031.53110614159,91.59540681337069,244.44996410184737,236.904386503299,355.2124394134485,900.676599381034,888.8456037998743,1031.53110614159,345,763.0000000000001,183.0,243,田中橋周辺,79.12427596493987,1040.3901281664025,1.3236829109615806,2.1551206380640764,available
533513743,359.1525695474474,386.53602520275086,561.9629907478161,1985.9436617606882,1981.3687109561083,2127.206953271789,1.0,1.0,219,219,165.63974742330063,252.65721208299215,237.72169383921727,439.6236138441741,87.01746465969154,1226.7826813852112,1165.8366527412377,1174.4246230279934,1237.7529902751933,-60.94602864397348,252.65721208299215,237.72169383921727,439.6236138441741,1165.8366527412377,1174.4246230279934,1237.7529902751933,219,448.0,104.0,163,小倉周辺,106.49535746445525,820.1070090194505,1.4215013558745118,1.7034493272201803,available
533513744,371.0910375424272,381.6217600824385,474.442243894632,1741.9464431481329,1740.4271431430282,1841.9708703876563,1.0,1.0,247,247,103.86109514267088,184.7672464560277,196.85855788057265,259.49439901353594,80.90615131335679,1040.735962717664,942.4075787472872,939.0429498897184,1058.34927977211,-98.32838397037676,184.7672464560277,196.85855788057265,259.49439901353594,942.4075787472876,939.0429498897184,1058.34927977211,247,751.0,111.0,230,田園町口周辺,186.32379108639952,799.5388644008457,2.0084243536678037,1.8484002913724946,available
533513751,417.7531420624771,446.1529899282787,476.13400894545964,2592.5673504971464,2627.5545156889334,2657.535534706114,1.0,1.0,27,27,457.9102552391184,376.44006041458886,397.49433045041445,450.55347794688834,-81.47019482452953,1429.751240862773,1306.4604206736865,1310.639713803804,1382.6564789900826,-123.29082018908684,376.4400604145889,397.49433045041445,450.55347794688834,1306.4604206736865,1310.639713803804,1382.6564789900826,27,30.0,12.000000000000002,142,鹿原周辺,41.313081647888225,1286.10692982346,1.1097467724407133,1.9844208898117777,available
533513752,679.4282811766615,587.559653016636,995.7487333527513,2860.8298069373154,2768.9611787772906,3177.150259113406,1.0,1.0,23,23,647.8294718909459,577.8695610295136,557.6210010275834,716.6685122398321,-69.95991086143226,1596.5024827425675,1489.725413459988,1458.5786653446407,1640.3364759953968,-106.77706928257952,577.8695610295138,557.6210010275834,716.6685122398321,1489.725413459988,1458.5786653446407,1640.3364759953968,23,42.000000000000014,17.000000000000004,74,庵の谷周辺,101.55872014714782,1371.1043934773274,1.1757467895803582,1.920373903196593,available
533513821,679.9416462364595,681.8977916785819,747.7522572820347,947.3764116053616,949.3325570474838,1015.1870226509366,1.0,1.0,47,47,280.0739054362432,504.2819146197037,505.7788214268329,553.7332336171874,224.2080091834605,123.6719102824248,341.122151202836,336.822933986142,384.4710253976426,217.4502409204112,504.28191461970334,505.7788214268329,553.7332336171874,341.1221512028358,336.822933986142,384.4710253976426,47,526.0000000000001,8.999999999999998,272,教育隊前周辺,175.65973161675583,606.2542604025256,1.3483363700425919,2.777235099699047,available
533513822,919.9396639150063,922.1758354363433,1012.8217984865885,1165.9156028649188,1172.2584755135495,1326.985061576084,1.0,1.0,315,315,744.4853286885959,644.9692449353441,658.5962403707928,716.1556191044576,-99.5160837532518,682.2397767196807,679.261030863189,688.0079979493901,872.2355021517053,-2.978745856491628,644.9692449353442,658.5962403707928,716.1556191044576,679.2610308631891,688.0079979493901,872.2355021517053,315,571.0,147.0,68,東高口周辺,274.9704189796622,486.6545720017298,1.4263310555330853,1.7164470651044128,available
533513831,635.3549448792666,626.0962574599178,765.3139696787703,1757.0902606522325,1804.9711591087328,1931.0363227214543,1.0,1.0,160,160,575.5988445307456,445.04103945628896,438.9581438473547,525.3984361855731,-130.55780507445667,1128.1455596236635,977.327737232414,982.239431672773,1037.4427094207,-150.81782239124948,445.04103945628896,438.9581438473547,525.3984361855731,977.327737232414,982.239431672773,1037.4427094207,160,319.0,130.0,39,東高口周辺,190.3139054229776,779.7625234198184,1.4276322598371736,1.7978516251139474,available
533513832,453.9757524118456,431.47266505644586,569.7357966266474,2106.643638953429,2106.609152887344,2254.3891730484097,1.0,1.0,155,155,491.37086173677966,346.7904520328018,345.9397617170912,421.027682797623,-144.58040970397786,1216.434307126815,1048.381532861169,1040.9565084284625,1148.7612978395778,-168.0527742656459,346.7904520328017,345.9397617170912,421.027682797623,1048.3815328611688,1040.9565084284625,1148.7612978395778,155,232.00000000000009,66.0,65,田中橋周辺,107.18530037904378,1058.2621060922602,1.3090780030152198,2.00942459679171,available
533513841,511.0094616628528,464.3685441838376,684.3348325135116,1830.705682738403,1758.245626127665,2066.9381631311016,1.0,1.0,126,126,518.3674048145631,367.5772166071292,371.9208771919555,471.9305297582552,-150.7901882074339,1092.0823953165598,1077.8104485667393,1021.821836214137,1268.292471629283,-14.271946749820472,367.5772166071294,371.9208771919555,471.9305297582552,1077.8104485667395,1021.821836214137,1268.292471629283,126,203.0,63.00000000000001,73,安岡周辺,143.43224505572363,752.8952341716638,1.3902098350372616,1.6985414134487709,available
533513842,251.52775642697827,235.16300413060503,442.71279583669417,1406.3026314522992,1443.9301124902918,1749.432144397937,1.0,1.0,270,270,75.63472918025295,176.08192919535767,167.36512465472435,302.8434774531109,100.44720001510473,640.9238052826852,690.3058813400249,758.0209249828264,847.7267133491407,49.38207605733976,176.08192919535767,167.36512465472435,302.8434774531109,690.3058813400248,758.0209249828264,847.7267133491407,270,582.0,136.0,249,安岡周辺,75.4458272316206,715.9967501122743,1.428470017203842,2.03721664477547,available
533513844,325.00368338196245,281.5071482207804,470.98940024404624,739.7989095697591,686.6878183806247,902.4957571814074,1.0,1.0,39,39,351.4289579665768,262.81394326924635,258.61438472569586,395.4057700592271,-88.61501469733042,407.1857942398133,193.7618773043589,172.37436850911254,251.22008211153232,-213.4239169354544,262.81394326924635,258.61438472569586,395.4057700592271,193.76187730435896,172.37436850911254,251.22008211153232,39,119.0,51.0,192,中山周辺,62.189740112716095,546.0370322654002,1.2366302919057999,3.8180828956755595,available
533513912,183.04221066749622,184.46930572205855,221.99048785099447,1268.104082524291,1275.775235227317,1313.2964173562527,1.0,1.0,19,19,255.86970883964537,84.18453582372642,89.24718408726724,124.53044195223518,-171.68517301591896,948.838169814832,785.2641255615931,780.7609740276881,818.5427952043872,-163.57404425323875,84.18453582372636,89.24718408726724,124.53044195223518,785.264125561593,780.7609740276881,818.5427952043872,19,76.00000000000001,16.999999999999996,185,さくらどおりマンション前周辺,98.8576748437698,482.8399569626979,2.1742973204813696,1.6148758630956022,available
533513934,303.78857052407204,301.25879843726557,356.3637873992933,2114.2344786975805,2102.980383818026,2158.862897134314,1.0,1.0,12,12,533.5142598180629,233.37811938357515,232.7951441870904,269.33221053339054,-300.13614043448774,1703.4994545995528,1607.5971465352118,1599.337382980964,1664.9807978577437,-95.902308064341,233.37811938357524,232.7951441870904,269.33221053339054,1607.597146535212,1599.337382980964,1664.9807978577437,12,52.99999999999999,26.0,61,中宮周辺,70.41045114049689,506.6373321623687,1.3017011677293184,1.315151923013986,available
533513942,395.75357060558775,433.5141571545179,509.88113661973426,886.075662131446,922.6841055507638,1012.3215078196935,1.0,1.0,76,76,255.87800925265512,239.40388340988864,265.6002928949654,322.8311466162073,-16.474125842766483,493.35617438799176,510.99935811750566,545.5341806804792,598.9071105850754,17.643183729513908,239.40388340988852,265.6002928949654,322.8311466162073,510.99935811750544,545.5341806804792,598.9071105850754,76,48.00000000000001,22.0,222,中山周辺,156.34968719569912,375.0763040139404,1.65307916049135,1.7340054308398771,available
533513943,284.6770925094044,277.8373757591712,424.8081517155218,1850.9940022448889,1851.3728465229292,2002.2122509025069,1.0,1.0,254,254,341.11916887929453,190.2266697418916,194.1563064451809,265.7951922589534,-150.89249913740295,1224.938219334519,1313.965409969002,1305.122611564155,1448.624491472106,89.02719063448262,190.2266697418916,194.1563064451809,265.7951922589534,1313.9654099690022,1305.122611564155,1448.624491472106,254,452.0,144.0,71,中宮周辺,94.4504227675128,537.0285922758869,1.4965151463549644,1.408708317739168,available
533513944,371.8372241730805,383.2479708527915,526.735264485768,1446.980968825812,1449.9915523748978,1560.2628823762052,1.0,1.0,163,163,361.8462353352208,257.10230962632096,286.98523669126007,405.16939668205134,-104.74392570889978,861.4820947975419,966.803987539076,956.1863397295602,1139.162711991411,105.32189274153404,257.10230962632096,286.98523669126007,405.16939668205134,966.803987539076,956.1863397295602,1139.162711991411,163,249.0,83.0,109,朝来中周辺,114.73491454675951,480.1769812867359,1.4462617030298879,1.4966642540531807,available
533523021,239.60157586273743,245.6675305018603,358.5789057407069,347.74690079075623,356.77265395749134,514.1889242004661,1.0,1.0,169,169,94.648819854899,193.40934276848316,198.2610323196507,299.5579640483832,98.76052291358414,332.5414078800896,245.63650815614025,250.33719281489752,356.59789686240623,-86.90489972394934,193.40934276848316,198.2610323196507,299.5579640483832,245.63650815614025,250.33719281489752,356.59789686240623,169,190.0,78.0,256,大波下周辺,46.19223309425428,102.11039263461598,1.2388314464702348,1.4156971347667462,available
533523022,274.18801551464617,329.9781096852804,377.44016306306304,907.1050153924076,937.0459363147643,1056.3569749206629,1.0,1.0,12,12,65.9113472465246,163.33357231842916,153.0449684108659,244.49849361783865,97.42222507190456,898.6592840201365,774.855294054177,783.3519915494979,887.06228355558,-123.80398996595954,163.3335723184292,153.0449684108659,244.49849361783865,774.8552940541769,783.3519915494979,887.06228355558,12,27.000000000000007,11.0,263,久原口周辺,110.854443196217,132.24972133823064,1.678699679574137,1.1706766700221884,available
533523023,457.06057715851443,456.2818832943423,504.20689064087543,532.3430873263973,556.405345260444,640.447760057304,1.0,1.0,66,66,438.97362693582943,381.0831236499799,372.6875575941731,426.1321906953854,-57.89050328584955,544.0486925355285,435.8792784054594,440.4535942446838,498.0794063152044,-108.16941413006911,381.0831236499799,372.6875575941731,426.1321906953854,435.8792784054594,440.4535942446838,498.0794063152044,66,143.0,34.0,167,若浦中学校前周辺,75.97745350853455,96.46380892093788,1.1993723909388307,1.2213085450490404,available
533523031,374.15423885832365,289.78226485131427,703.2096252247202,1700.9345276252309,1738.5392626436708,1865.541812330006,1.0,1.0,52,52,227.60145447164103,152.7871874412234,133.30975723816798,298.8007169142726,-74.81426703041765,1465.464111208557,1531.5293032602249,1550.4541168598244,1713.210134907695,66.06519205166774,152.7871874412234,133.30975723816798,298.8007169142726,1531.5293032602249,1550.4541168598244,1713.210134907695,52,58.0,31.000000000000004,140,大波上周辺,221.36705141710024,169.405224365006,2.4488587369425803,1.1106118074295976,available
533523032,368.2538064594906,371.75720608703443,481.1467363511575,2219.9144592464945,2212.7791151336273,2319.215961141362,1.0,1.0,251,251,411.1773727537705,302.5026280381911,305.15185598837013,389.7644896133741,-108.67474471557938,1956.506793087419,1834.6858052296293,1875.9225278304737,1949.5391924452783,-121.82098785778952,302.50262803819123,305.15185598837013,389.7644896133741,1834.6858052296293,1875.9225278304737,1949.5391924452783,251,629.0,110.0,38,大波上周辺,65.75117842129947,385.2286540168652,1.2173573791663006,1.2099698231265543,available
533523041,246.36792161307687,214.3374125371478,416.20422912844145,1996.0057505860227,1986.7570033014235,2130.0290776383436,1.0,1.0,238,238,201.1809235845072,171.40375044602956,163.94202368463746,304.0309224983039,-29.77717313847762,1557.7399594126932,1458.3962992092645,1463.2466525658326,1563.9221912211458,-99.34366020342895,171.4037504460296,163.94202368463746,304.0309224983039,1458.3962992092647,1463.2466525658326,1563.9221912211458,238,324.0,148.00000000000003,115,中宮周辺,74.96417116704731,537.6094513767582,1.4373543225978098,1.3686305647293864,available
533523042,363.45078783149586,361.2353905350368,463.8372207150513,1879.5400440397739,1882.203874647385,1978.9889858084823,1.0,1.0,82,82,334.4657665520449,249.8141569246962,242.2853624468039,362.82411812045007,-84.6516096273487,1291.6152811441746,1394.2712605635347,1370.620945074082,1494.9715056126706,102.65597941936016,249.81415692469608,242.2853624468039,362.82411812045007,1394.2712605635345,1370.620945074082,1494.9715056126706,82,73.00000000000003,25.000000000000004,124,朝来中周辺,113.63663090679967,485.26878347623915,1.4548846722928286,1.3480447436606444,available
533523053,1415.8743660358666,1309.6369094337829,1674.2085312823253,2634.1611084139226,2625.1148724429077,2733.986711868318,1.0,1.0,22,22,1066.0126298956382,1180.512552023584,1090.342457441497,1399.2985465586962,114.49992212794588,1704.863117981552,1873.5598083619373,1857.7332839610776,1953.7673426644235,168.69669038038546,1180.5125520235842,1090.342457441497,1399.2985465586962,1873.559808361938,1857.7332839610776,1953.7673426644235,22,18.0,5.000000000000001,209,朝来中周辺,235.3618140122826,760.6013000519854,1.1993725637299115,1.4059658499596994,available
533523114,176.32278828988885,184.14894146541968,200.49671766268096,,,,0.8949240425200217,0.0,7,0,318.49579341660194,140.31521549621422,132.54820467681492,179.88600426581235,-178.18057792038772,1376.559022571941,1559.940113455213,1561.4094683580297,1575.560962928184,183.38109088327224,140.31521549621417,132.54820467681492,179.88600426581235,1559.9401134552124,1561.4094683580297,1575.560962928184,8,36.0,2.0,253,大浦小学校前周辺,36.007572793674626,,1.2566191604120518,,unavailable
533523123,165.51085086934168,165.51085086934168,165.51085086934168,,,,1.0,0.0,1,0,130.83063111255427,60.330231407995264,60.33023140799526,60.33023140799526,-70.50039970455902,1396.0359647953164,1420.5077408436166,1420.5077408436166,1420.5077408436166,24.47177604830017,60.33023140799526,60.33023140799526,60.33023140799526,1420.5077408436166,1420.5077408436166,1420.5077408436166,1,39.0,19.0,232,平口周辺,105.18061946134642,,2.743414818849963,,unavailable
