mesh_code,transport_terrain_elderly_weight_coverage,transport_weighted_mean_ascent_m,transport_weighted_median_ascent_m,transport_weighted_p90_ascent_m,transport_weighted_mean_descent_m,transport_weighted_mean_maximum_grade_percent,medical_terrain_elderly_weight_coverage,medical_weighted_mean_ascent_m,medical_weighted_median_ascent_m,medical_weighted_p90_ascent_m,medical_weighted_mean_descent_m,medical_weighted_mean_maximum_grade_percent,terrain_metric_status
533502754,1.0,1.0068349260761538,0.6817539081248682,1.8505699498120691,0.27664196077665487,1.3894998760829664,1.0,10.531315235204188,10.531603787547159,10.531603787547159,12.869852847686811,4.58497155461162,available
533502852,1.0,2.813548201319909,2.0201663453374152,4.976759785697585,1.1773797888722433,3.408728442624227,1.0,10.512125808305047,10.46223363081501,10.541014891890292,9.300595278859875,5.5427678792628905,available
533502854,1.0,2.033091077870672,1.7348099362877427,2.4920565248985547,0.7900183492653858,2.361652236701463,1.0,10.770775580148252,10.472494438565324,11.229741027176136,5.0711623088894955,4.770419839950249,available
533502863,1.0,3.713784013973349,5.170118855761363,5.170118855761363,1.1651503746349106,3.7889642569199524,1.0,11.694941897528125,12.551593501520195,12.551593501520195,4.689767715536215,4.964589581798096,available
533512061,1.0,0.19990898328286233,0.2248860888878017,0.2805542933670342,7.5042293756304606,4.028860311783025,1.0,0.9455006301586962,0.9704777357636356,1.026145940242868,9.754103130806454,7.975638922176022,available
533512062,1.0,5.375112454084462,8.014384264025129,8.014384264025129,9.023659888327703,27.453007487204715,1.0,5.955533924162848,8.759975910900963,8.759975910900963,11.108363466706248,27.453007487204715,available
533512063,1.0,1.1188860966765246,0.9708446180378445,2.2072892393189836,0.9870766898915845,2.596231207374989,1.0,1.0247407760127356,0.8299124160647668,1.6166375569684401,2.39214363828704,6.665715916353532,available
533512064,1.0,1.264162821348072,1.3159810469954714,2.0337564341228074,1.1214937353728933,1.7114778239829,1.0,1.4140497331628827,1.5670774098725584,1.9155166749725119,2.775662755487861,3.9210058898212194,available
533512152,1.0,1.1501953910273943,1.1231708337952622,1.2867132447203264,3.1519540781241093,2.2810489667563747,1.0,2.713067738399985,2.7319815724526446,3.1138069233049688,2.8976184238814984,2.428468625752959,available
533512154,1.0,2.3032030433195683,2.123472060669421,3.330015011459552,4.906608273011089,5.04812823019414,1.0,4.153505101283792,3.1638069233049695,7.284825996696416,6.81361327203893,6.512312706466503,available
533512161,1.0,1.3107413516311042,1.3121810121803463,2.3159800241062705,1.0061514912387397,1.7317908721974218,1.0,2.0586862729268147,2.218078064341597,3.2192194675318833,0.7971621975874854,1.7140848452027175,available
533512162,1.0,1.6858358678002032,1.5816265526788165,2.4714968077922688,1.7891299226119883,1.8049264435915509,1.0,2.295624613322813,2.0947330937064024,3.293593319177452,1.9815402076480664,2.0360338441656705,available
533512163,1.0,1.222358753001898,1.1898309843405386,2.066187755323841,0.7238142340548301,1.4337958921966099,1.0,1.9781045291007004,1.3813427601663202,3.9840729457128248,2.522015132442971,2.573445459598921,available
533512164,1.0,3.2436252965299808,2.8659070353251366,5.192348187740807,4.403604874841436,6.345100950071783,1.0,2.5644446693804697,1.506307599744786,4.995390825498752,5.035630249316314,6.384687657900476,available
533512252,1.0,6.788432446008114,6.130392416480757,14.065126471535308,12.056193143275715,16.648581496531563,1.0,10.143153934301145,6.159051063623183,17.091458993412914,16.9237927323428,19.27310352127544,available
533512254,1.0,4.253568634860803,4.158021832336759,4.662543375948091,6.20402420478677,15.5805808045883,1.0,3.7936213236477916,3.713957607537501,4.491122389053362,6.030059383581366,14.796541411189015,available
533512261,1.0,2.7270542810377707,2.409627551549703,5.993476544212328,3.1590478908868826,6.746354861394455,1.0,1.7041284126519933,0.6757103670002991,5.993476544212328,2.960618684360742,5.892192508191098,available
533512262,0.995793113786075,1.9565836510515828,0.7477010258742682,5.192348187740807,4.812273664676355,5.701167651680191,0.995793113786075,1.4622767641488545,0.4319281952850975,4.995390825498752,3.9870268528517987,5.384417315563608,partial
533512263,1.0,1.3131851365883216,0.8383769907055472,3.766298304997192,1.2341046614233269,4.045549902415065,1.0,0.9237386532145966,0.520126455463493,3.5670752457062624,0.9732769852169956,3.4466963698464803,available
533512264,1.0,1.4134883955697166,1.402593637840591,2.0938509713311713,1.9394223221145774,2.9099549402371343,1.0,0.5977754784149035,0.354419823164585,0.7371692942366832,1.1560312487154913,2.285330888798143,available
533512331,1.0,1.3919057268092665,1.3919057268092665,1.3919057268092665,1.909801903479263,1.8613623907861259,1.0,3.5359165808365742,3.5359165808365742,3.5359165808365742,9.466928934329957,2.4159779569371023,available
533512332,1.0,1.4624424973445074,1.5988491228399795,2.084513845960072,1.0781817084700773,2.6452055521027407,1.0,3.521658805286537,3.6648452476175026,4.228524699987379,8.550514193235495,2.9271259078613796,available
533512333,1.0,5.738907026713804,7.153190766240545,8.94282737527242,1.5371518337256,4.602593666913955,1.0,4.447187245718629,2.1440108540273077,14.128027758139066,11.17906928590818,8.333590329769832,available
533512334,1.0,1.815773843642027,2.6212922524892175,3.3217705165120095,2.3140833190242787,5.32445757643353,1.0,2.146450282421319,2.1440108540273077,2.161600299696976,8.057875934626956,6.00787397635267,available
533512343,1.0,0.6302876241409052,0.5235672109143477,1.3330479616217854,1.2577303803498547,1.9119284996392476,1.0,2.3385160994310668,1.9149432632009002,3.148458691024831,3.591041336797865,1.8936583923831913,available
533512344,1.0,0.77837879092354,0.6579124053454157,1.3695372814227877,1.331461938226233,2.918274411269792,1.0,1.5053119956675023,1.5546983840203887,1.9030601792715982,2.9622660579111812,2.315291209668357,available
533512352,0.9878891850593805,1.597172381404583,1.1356523272279577,2.6466127792543563,2.330569090958792,6.57442448872898,0.9878891850593805,1.142216113004235,1.3338587668126647,1.4778268610474818,2.236896618682754,5.818277274959742,partial
533512353,1.0,0.24004643343977666,0.13813556717997066,0.6428615271846532,7.0454541238128945,7.323147076873929,1.0,0.5696238386058742,0.6014330385558764,1.2929940353997358,8.656455327935115,7.7347372426604775,available
533512354,1.0,0.6039538320382979,0.524620990981357,1.6350493929506196,1.7122089209502178,2.8140837768250053,1.0,0.5436760284808628,0.44443164117491407,1.2569659273191665,0.8932888770007329,2.3071997471514005,available
533512361,1.0,0.7173479537360353,0.575793519197763,1.1652006972307007,0.5320316827155492,1.7176719928925577,1.0,0.3734135634081866,0.2715655639766976,0.7198244145171167,0.5011975123988827,1.5274507569029998,available
533512362,1.0,0.6510751329181728,0.49895985336612103,1.0828372754219453,0.7895772569329068,1.725206030468378,1.0,0.8070808635346438,0.4289300776640128,1.16790606838367,0.7788863664879179,1.7780029829540165,available
533512363,1.0,0.4262509509399249,0.25849694135733237,1.1575108966736058,0.45226890919724977,1.3573195069662762,1.0,0.48428030908695324,0.5638173022237816,0.8030604253371163,0.34703379233103204,1.0298023853523564,available
533512364,1.0,0.8449751349371736,0.5703525770417182,1.9828789330346928,0.867442666498568,2.8230079064050604,1.0,2.2379134476935056,1.2288669672487162,6.271087530705053,1.7027922833084084,5.206785690846587,available
533512371,1.0,0.5471176004629117,0.12252089476711436,2.011538184125274,1.4906003896096378,2.889564998610725,1.0,0.1740108102095156,0.11061682514746085,0.14834512776470365,2.7408387989606013,2.235917015465083,available
533512372,1.0,0.7603903294548874,0.2840381093657971,2.6397916204250578,5.667188025072909,4.545198995555244,1.0,0.6751817676947209,0.11541944117473779,1.8568637349970318,14.813006447043579,4.2894193743358215,available
533512373,1.0,2.0245817712234015,2.250412960012328,4.022422482470883,1.3379251853523173,7.900488518281542,1.0,1.5968281641807818,1.0518720984348962,3.566352280150016,2.2434600514335123,9.314836642625082,available
533512374,1.0,3.7297376454787017,2.7655505516493246,8.861757143143416,1.4222886847263507,6.91616397516641,1.0,3.9139895499855712,1.3894763557241818,13.533948405072815,5.161435666974353,5.605240735864412,available
533512381,1.0,0.3917984565114352,0.10748208886513311,1.746246909849571,20.121273231251486,7.928745117537623,1.0,1.6615355332170714,0.21809891401259396,1.8568637349970318,29.734471581509244,7.470216906085656,available
533512383,1.0,1.0895620289212835,0.41430394695338535,2.768744731268498,4.770794781166134,6.503398852313323,1.0,8.783045876633672,8.220488793553798,13.305286501371935,4.047719053361954,8.891280016288354,available
533512384,1.0,6.270027704952082,7.295780047995905,7.97606747822357,12.387691776840526,10.549191632361765,1.0,0.6545044854443055,0.10595653560893226,3.38683751788464,15.006788627265612,17.688238449159687,available
533512441,1.0,1.5657235228903201,1.2495618607734011,1.4443530131853761,9.134956096202599,5.688083088770843,1.0,4.393454045014152,4.051001624633866,5.172155071305404,12.578326684825347,5.55976085628402,available
533512442,1.0,7.465019031094187,8.54264264312168,8.671878912429031,8.494175997705115,8.203910435321244,1.0,4.86281759182387,5.715383849731198,5.8446201190385505,6.507614624933712,8.018382745908621,available
533512443,1.0,3.784882088515289,2.552827173312595,6.37827752096158,13.312592514215034,7.062187755092981,1.0,2.6745807744151664,2.4692049922944306,3.069575470525391,12.817931266613824,6.714513654386244,available
533512444,1.0,7.725027062586408,8.077531663646194,10.588202770349941,11.589868145995526,5.012922684478606,1.0,3.0682531215898825,3.069575470525391,3.363277013536249,7.5488204292125145,4.828580526876564,available
533512461,1.0,0.27733549970044086,0.25579757513752566,0.5405570547194068,0.3535892366598816,0.8580211328833265,1.0,0.48111265742082554,0.498625921423832,0.8087030099300191,0.468107764873645,0.9751356108275647,available
533512463,1.0,0.5284082885654576,0.3103240301408219,1.447068177726776,0.7988552863981556,2.5094083946169565,1.0,2.577002280526515,2.6420974195989313,3.2268313292963864,2.6559482296658166,5.146356006350685,available
533512471,1.0,1.4006548104098966,1.7386665975183506,2.6205936547991646,2.3038579548561313,3.8306906725583554,1.0,2.834965276436581,2.081291833838125,8.026437618072034,5.445080806045952,9.423431561048968,available
533512472,1.0,2.121093957075039,1.6817452350145068,5.194131625494439,2.2270447209302002,6.475171568251859,1.0,1.6075088576282672,0.5562603459365043,4.943618193995201,9.46565331040002,6.719822928385847,available
533512473,1.0,0.07879148861385916,0.0,0.2722095241428981,29.914460206418028,10.803493356352922,1.0,8.033762894974751,12.244466339177428,12.294893642225997,10.54942217770942,11.376908742762241,available
533512474,1.0,5.61716683989915,6.8921394770481506,8.099729810078301,3.5880166588445563,5.25172166650237,1.0,1.450118174445941,0.3426252363197744,3.80495754538755,20.257084106311506,4.619065550849737,available
533512481,1.0,2.739488931768341,2.2663134060516796,6.2315515688467364,10.634098718712435,17.84521452484978,1.0,5.753862205519584,6.23906197717028,8.539565101365,10.895839626492206,20.119772438177026,available
533512482,1.0,6.645943105775995,7.295780047995905,8.841430233446701,6.097519597681098,12.64575654481892,1.0,1.0065016672165756,0.3866623413250707,3.394685386944012,9.614825374169524,17.723333189174728,available
533512542,1.0,2.280814328144922,2.2199241264165974,2.421192041969868,3.1290542422716605,4.158083397713248,1.0,3.5003833208276625,3.453580254300117,3.6548481698533877,5.497703607980269,4.8063665926108285,available
533512551,1.0,2.4211920419698676,2.421192041969868,2.421192041969868,1.9051613013423625,2.9117424480603304,1.0,3.6548481698533877,3.6548481698533877,3.6548481698533877,4.288920293005301,3.983477183731182,available
533512553,1.0,2.421192041969868,2.421192041969868,2.421192041969868,4.47327116045243,7.874996087056934,1.0,3.6548481698533877,3.6548481698533877,3.6548481698533877,6.857030152115367,7.947138325100984,available
533512561,1.0,0.6762216524624367,0.020673073828014532,2.552320333628934,10.909992627565869,6.401429642339715,1.0,4.766207486127272,3.711688787508584,10.169113632391507,17.653084216420254,13.468587208035888,available
533512563,1.0,1.4527894684879818,0.0,3.242095420219289,0.5725654254067218,2.9086213321257532,1.0,14.172220592690968,12.302009966122565,16.52012732614443,17.385809992848102,7.317505555654018,available
533512581,1.0,0.0490884731288473,0.004555156214081535,0.13516889657981324,12.192600426818482,7.400538565243263,1.0,0.39893004444472296,0.3426252363197744,0.478647083565205,42.53669487027476,7.011590092128582,available
533512582,1.0,3.536399008666494,0.0,10.767770841597923,1.5412059979013015,2.3149441972212292,1.0,0.0,0.0,0.0,32.84930264414672,3.874014700311919,available
533512584,1.0,6.0257686902476975,0.0,14.243003887189076,13.958302950611042,10.316543006757012,1.0,0.2876751510504201,0.0,0.918628042432907,25.487001855657578,10.075633854644652,available
533512593,1.0,0.4661931854658993,0.0,0.19904836964274963,7.60810178864346,4.614421610421076,1.0,0.16674280883958628,0.0,0.7395637304971512,11.752251347958008,4.857609904426822,available
533512594,1.0,0.26561387938552444,0.19904836964274963,0.19904836964274963,18.116406567271003,6.800476827850569,1.0,0.8061292402399259,0.7395637304971512,0.7395637304971512,22.310219238502643,8.194396576862383,available
533512682,1.0,2.2805377061833902,3.161407415150631,4.771516413842196,15.343524325397071,12.107492330049286,1.0,0.2324489820292806,0.0,1.6101089986915653,16.948732911620205,12.107492330049286,available
533512683,1.0,0.11731344548490448,0.10446327078410511,0.210819184208771,6.257684164999862,3.8908242677065537,1.0,29.120386119844568,30.652056322492616,32.55582918411482,34.00507883399591,15.545654172921829,available
533512684,1.0,3.617391742438628,3.9593225022555716,5.946980774574243,25.19792296139495,10.815959733430807,1.0,2.5955292424542407,0.10435779107884091,7.906618795375436,25.020782412544165,11.3270862082974,available
533512691,1.0,1.532883086955191,0.8938949843483464,3.653297310377244,2.3680797095915636,3.4051508642997064,1.0,0.4957228808132339,0.0,1.2892159160341023,3.853394842208893,3.835996817547492,available
533512692,1.0,0.19904836964274963,0.19904836964274963,0.19904836964274963,14.637525418052787,5.815689338430488,1.0,0.7395637304971511,0.7395637304971512,0.7395637304971512,18.831338089284433,7.0167939004278885,available
533512693,1.0,1.4828262452215897,1.3055955660324852,3.9593225022555716,3.060421478399803,5.540344801967315,1.0,0.7195819552125132,0.10435779107884091,3.092171402663789,2.7063241337196575,4.196980066788553,available
533512694,,,,,,,,,,,,,available
533512772,1.0,0.34170625411459815,0.2628438540760234,0.9037648182206999,1.7422399264141324,2.262778914544067,1.0,33.72375781334092,35.19232820917502,35.588871522877916,33.86861348027683,14.5065436280809,available
533512774,1.0,0.8943906251381805,1.2799205569893586,1.5589099057151645,0.5999224963851373,0.8408760191209964,1.0,19.471002957908443,19.463988516051096,19.679537309256652,18.646210201589888,4.1469003661114785,available
533512781,1.0,0.2851337278114497,0.0,0.9531123564231778,20.235629274395095,9.213682895804476,1.0,31.27136685095016,31.530126233577295,32.79037500589815,49.966184392170184,15.552634623887453,available
533512782,1.0,0.8563433253972741,0.0,5.128069633079059,9.964858136292337,6.023392330370576,1.0,0.14130194131913112,0.13214179675247362,0.2997552992720527,11.622295032710754,6.115073659807309,available
533512783,1.0,0.41722799140703415,0.08426562882454647,1.2799205569893586,2.7131435798879533,2.4386654986626675,1.0,17.121824503895184,17.964247295580808,19.40054796053084,21.075484851036425,4.967951485931136,available
533512784,1.0,0.7729203995210941,0.0,3.1931274015740794,3.8443005001119452,5.094128739329542,1.0,1.1513857327337016,0.0,4.881591297192678,12.980273646247822,5.890928713642504,available
533512791,1.0,0.3530752095038048,0.1635403002780036,0.6940015986457682,2.101061600533463,3.7574320613020618,1.0,0.13735122352124157,0.0,0.26289395080193634,2.308524574310072,3.475642920490425,available
533512793,1.0,0.29684003915841733,0.1721555820991716,0.99713039274598,9.779615828257699,7.9847601617609145,1.0,0.9347822455910477,0.0,5.878721689938658,11.98658705960747,8.32882938317783,available
533512794,1.0,0.0,0.0,0.0,14.159999092574466,7.615064962785563,1.0,1.6824903211541817,1.6824903211541815,1.6824903211541815,14.01029016337921,7.615064962785563,available
533512882,1.0,1.3990314040245813,0.0,3.778550296823992,0.826030468554059,3.0088983891854792,1.0,5.983245669608598,6.0096411926129,10.380420452650217,8.303810573165832,3.4514377940060896,available
533512891,1.0,1.1638629150029611,0.0058286937788900595,3.778550296823992,1.0873890759232085,3.250373927778888,1.0,4.400520891842598,2.5379233947914583,8.66014159401667,5.677643156519489,3.4838960667791263,available
533513314,1.0,2.9957159712083943,3.70635807931,4.4278783658862295,8.225847872233341,6.7557349021456075,1.0,1.1185801463981135,1.086373817667802,2.1350733280320675,21.28711524277349,10.32430388185346,available
533513323,1.0,0.46375470400828317,0.2600642171034089,1.2147816688197928,4.665836092590704,5.019092214720931,1.0,2.657425374682089,2.621046321348569,2.6438009063894192,24.48813011658401,18.718166200187735,available
533513404,1.0,0.40424478590932383,0.22887280911661279,1.0937214328656832,12.75616168448423,8.122510006690646,1.0,1.7272664572285656,1.7524340838544923,1.7524340838544923,19.382953967637317,7.929578357446933,available
533513411,1.0,2.097182624848631,2.0364204060445132,2.0845623503391337,7.365226251605221,5.420454420743569,1.0,1.7579673322078793,2.0780550289027566,2.6625735902175123,18.39771245402372,11.260378956150447,available
533513412,1.0,1.7903809324196038,1.7605167409807088,2.716623674046968,1.8266013888715018,4.681953252484481,1.0,1.7558848472919313,1.7337139904628565,2.694257350355123,14.610312901965301,10.111694989157543,available
533513413,1.0,1.6687788564862125,1.7485965792467262,2.6390080872074932,5.653527284522248,5.431638929592374,1.0,0.9060563968044474,0.8771402891193585,1.8245408108268126,4.92209106253547,4.791891384939469,available
533513414,1.0,2.866477329366193,3.0912288985613046,5.742666125727073,2.517706902129271,6.906067407133547,1.0,1.6335200557096246,1.031185801493276,4.265922868253657,8.069322398742747,6.232451713013587,available
533513421,1.0,1.0948951198929038,0.5435487752475865,5.7280679130954795,2.238802701635296,4.122633287710126,1.0,2.794022350760001,2.644451286634588,2.904515503737997,20.017884296115472,17.42526437973989,available
533513423,1.0,6.330896053255257,6.0684512794735745,6.773073195558187,12.180600792986965,20.0576942767217,1.0,3.269338013843102,2.8821187051712407,4.1350378190305825,12.469269259448382,9.108715518156236,available
533513501,1.0,10.272578706949476,8.890207407917039,15.058975154932057,0.6529967580522126,4.809044815479374,1.0,3.2712943245074655,3.207118256232775,4.095825331992234,17.527152898348195,5.030909850148128,available
533513502,1.0,3.5258353853230378,1.5264673385710381,18.91564537396476,4.025421426834082,5.894347500433732,1.0,2.63535991796109,2.8729266589397753,3.955525933095263,8.82845400050969,6.06577287585989,available
533513504,1.0,1.5494827157237505,1.5264673385710381,1.626638701612439,3.4290192804030823,3.528933281256922,1.0,2.895942036092487,2.8729266589397753,2.9730980219811762,3.6467597094285016,3.528933281256922,available
533513511,1.0,0.5397106824585322,0.49902572615045315,1.2048874768227904,1.6041129931205487,2.6652010850933636,1.0,0.7640052158653504,0.4541748778076329,1.7758708468506512,0.7725089463970785,1.7779927809203713,available
533513512,1.0,0.7007018889071521,0.33595975943254963,1.973572531047715,0.8569099494427861,1.6052298301060575,1.0,0.3431694600749109,0.2080753542682885,0.8307571056488161,2.305242502579919,2.063097137345569,available
533513513,1.0,1.1027170610845582,0.8544383794543702,2.3621213863206574,1.0272367398006088,2.1250954082483773,1.0,1.3600665673378987,1.0427739985163988,3.5382267293371985,1.2895191612762664,1.9661585487283257,available
533513514,1.0,1.0794550159635943,1.0326419099850934,2.086479735513069,0.2975027596406511,1.7026520294933252,1.0,0.914411698994726,0.6560621294878395,2.138517679493045,0.6630587513835241,1.7312681594197317,available
533513521,1.0,2.675120132195482,0.17733887685158578,7.0306939092889476,9.418300258907921,11.869263446118344,1.0,1.1897837264093398,0.2349245698776059,3.6442262023535292,6.1470593783087235,7.309582082417102,available
533513522,1.0,4.7414853480046055,3.1801713992207556,14.983139472650315,23.08612029748871,22.582112129757885,1.0,0.49949916964977414,0.06889513480490805,1.1501498603259357,18.291654779862156,9.62683715402034,available
533513523,1.0,1.4438549094064301,1.1689503436085271,2.372420250610899,3.7953712759182485,5.268737665050791,1.0,2.391793078610212,1.9114502232977113,6.645722303363499,3.554791599677513,8.068376496407202,available
533513524,1.0,1.6728002467496361,1.5704791515491543,3.032508366212898,1.98017075748868,4.256259273215573,1.0,1.5559714269657439,0.5492044804076004,1.2357834716501586,10.175620537124212,3.831351307167753,available
533513533,1.0,0.6893621682617482,0.0,1.2210854994390257,2.3088073659221724,2.8079131165131956,1.0,11.490846210271583,16.513990316461165,16.51940995519605,18.439079320703563,15.661021515244299,available
533513541,1.0,4.741777251500899,4.969540285745694,5.148754200961747,17.086808704905145,10.442516079621345,1.0,9.170420278464864,9.848979472230845,9.848979472230845,38.13716281888547,16.95133499993864,available
533513601,1.0,1.6965253222929024,0.7132892030340234,1.8823675505110744,14.706773708384345,6.4505432859352725,1.0,9.130380502031787,2.211667563585774,27.56501999455286,23.700990443314154,12.312461069170006,available
533513602,1.0,0.8030472101767482,0.3812109411864233,1.8823675505110744,10.20465466317673,6.126343568557517,1.0,27.840482575770327,27.56501999455286,28.819947661200416,34.558119896883724,20.935856823524155,available
533513603,1.0,0.16477872705318128,0.10245043097412143,0.2295392711622073,8.156688728885872,8.224694588493888,1.0,1.5358898440738904,1.551550288418392,1.6031702418008127,10.93804697074768,7.301484220832509,available
533513604,1.0,0.22890625286333524,0.0,0.26110246412202764,3.607931223228901,7.8010562699572965,1.0,18.449195501742828,27.56501999455286,27.766583904698393,20.439353718362696,16.81319194891826,available
533513611,1.0,0.6142693620453332,0.33056987854173414,1.7694046551248679,0.9089573068111672,1.9869100292709105,1.0,1.3894604975909752,1.018886238891061,1.5988527374864416,1.5004984993986101,2.8773853685158506,available
533513612,1.0,2.1624604876314666,1.4929898663278287,3.9843922171893,0.9848962484845397,3.430720512111652,1.0,0.48625139088179303,0.020833101628754847,1.2612954022020393,1.3584253880354504,3.063387110963269,available
533513613,1.0,0.5318134904219102,0.22554460175281887,1.9422296457469659,1.0999922618979237,1.6633834543973318,1.0,1.6532880086372246,0.08361532806561867,1.8799321119312125,2.3090358518055814,2.8101871357766073,available
533513614,1.0,0.6001275958397866,0.07813784662202616,2.4596097502145997,1.2408587097272588,2.7606088722156867,1.0,0.63892256402872,0.23018215397495956,1.7127053454106373,0.6577562330762624,1.863431387257689,available
533513621,1.0,1.0411390445235476,0.544998306896793,2.4691963184271586,2.346632729672621,6.135392225341585,1.0,0.8557166856472906,0.3996571692989068,2.4691963184271586,3.78524751039092,6.2886478339656575,available
533513622,1.0,0.5591773729418202,0.3996571692989068,1.1593873537530968,2.1403065803359893,2.1932072288697224,1.0,1.1347622838380003,0.6106221731125041,2.4153729131024813,6.969392829168728,3.488361450736775,available
533513623,1.0,0.5068380532870755,0.5443774550969938,1.012210182490466,0.9969895069245465,2.043834230602533,1.0,1.1336398823724723,0.7466104831254894,2.622585536527093,1.7533439027923279,3.265272651931707,available
533513624,1.0,0.3613962731623169,0.3523561218827993,0.3523561218827993,13.754690520342873,7.950888587159783,1.0,2.3295575588711874,2.3282914113232165,2.3282914113232165,19.807821199385966,7.957100101166543,available
533513711,1.0,0.5192589662404814,0.5563194815801096,0.7120531745677703,0.27612344181003873,0.8500605611337021,1.0,0.5427988292669506,0.540500296302803,1.3558736839935306,0.4374647233051463,0.8400354718674918,available
533513712,1.0,0.39877983154642305,0.32427906994228584,0.8958341489050576,0.19260430057912753,0.6273299138283842,1.0,0.6208345365310165,0.44719861567329366,1.681591058307043,0.3473018372238888,1.2671508377236047,available
533513721,1.0,0.8154060688738379,0.2968785148934505,2.366305030589903,0.9793566184120293,2.146309782315728,1.0,0.7303703032036625,0.2925066364815443,2.0893775483783426,1.1461730957905294,2.093871047006242,available
533513722,1.0,2.9341454408561747,3.551814573606013,3.818816666533058,4.971315556644706,9.730728197847835,1.0,5.011490048370974,6.514698238361316,6.7386011329788715,1.781176666888332,5.325465148300196,available
533513723,1.0,2.1396184886903318,2.1778623420033827,2.939950288347528,4.047659023363931,5.812903922192652,1.0,1.8682545077479806,1.9009348597918225,2.6630228061359675,3.9919445390070285,5.735933915242362,available
533513724,1.0,2.3889451232773515,2.282752600449495,3.515227911372047,3.216310199833017,6.280375141024443,1.0,2.5510158613466305,2.6278921120184804,3.238300429160487,4.097217605240244,4.863319078953214,available
533513731,1.0,2.584632374457535,2.6515736598890527,2.6515736598890527,8.502899896839782,9.82120492688834,1.0,1.7245973211821848,2.137888335991204,2.4830856585378616,0.09124261548770067,4.972454809013629,available
533513733,1.0,4.089961442169499,4.621027139606732,5.131588088156434,1.2379172832451693,7.4418587606565705,1.0,3.8600863623524257,3.348588798962225,5.491477162402684,7.454920123683496,9.821569001694055,available
533513734,1.0,3.5121047650546218,3.6718403647238516,4.253886067525301,2.1515827947817248,10.530377012235354,1.0,7.017729905767757,3.0543307091836183,14.31943797646357,10.802687023549773,6.248431574199499,available
533513743,1.0,2.3909051026483557,2.1704104269099265,3.3917497443685978,1.7866205460457432,3.4669394210456113,1.0,20.458107838402157,16.214106023996496,44.467519460131356,19.262406688026093,14.116819479597087,available
533513744,1.0,3.0301846100518857,2.8624015631676016,5.5376810621990735,3.798774523604386,10.898945436069122,1.0,39.49041228394492,38.804013763846726,41.02700563589242,18.631953078641494,44.50923197523874,available
533513751,1.0,0.24014381607873803,0.2052356881970283,0.5574920886467751,6.15186629075445,3.5957825066183795,1.0,39.623472594203555,39.394734085707796,39.74699048615754,34.08169273534471,45.7400418269131,available
533513752,1.0,0.49152495561386056,0.2052356881970283,0.8413262553190037,14.473917515119446,6.9687688203778535,1.0,39.68102335312463,39.394734085707796,40.03082465282977,42.45262730768143,45.820377792370344,available
533513821,1.0,2.600878725758266,2.3618871069458045,4.4681444469996165,13.046908757790598,6.730475292398733,1.0,3.2114360229818297,2.9724444041693694,5.078701744223181,13.046908757790598,6.730475292398733,available
533513822,1.0,7.064929136830837,6.4927269851744445,14.096541617509844,12.676231765613403,14.59465895876935,1.0,3.5154380136918824,2.8360508296272364,6.800983861447514,13.2158942590145,7.455527732437018,available
533513831,1.0,4.596976180978124,4.468737881418726,5.428172313523148,5.457792750302909,8.81566620511374,1.0,5.416943640733692,5.465981517228827,7.510851902050208,13.484983819431152,10.076912488068858,available
533513832,1.0,3.51857304382235,3.3981959321307826,4.511387258371705,7.283362742817618,9.511553827717282,1.0,10.689223726566997,3.5921713266175086,44.31917690828601,15.729872299833636,13.471853053788324,available
533513841,1.0,4.75085890577566,3.8842379929131443,7.13918366649531,5.266957467307486,10.81569859762773,1.0,41.69067915096419,41.25617697661793,43.93458972673365,19.67137526688864,44.20042013280487,available
533513842,1.0,6.155012504524163,2.3017202780808663,15.503941489134416,6.2824162585538526,16.921340012332102,1.0,32.48549635486114,37.60501967111688,39.27627902933034,11.152817737743923,29.462236829506093,available
533513844,1.0,6.615639310102183,4.957607960621761,9.847931593718805,1.2434796825023517,6.62525704371641,1.0,13.784493442661713,12.386083390786109,17.276407023883152,0.21382156189540558,4.501329410168208,available
533513912,1.0,0.044056779111682126,0.04770431958720511,0.04770431958720511,6.279267153692872,7.133060113415702,1.0,5.287915471969654,5.301720332915884,5.301720332915884,7.065402098523848,6.974089628419842,available
533513934,1.0,1.2109632394252416,1.168460038932892,1.3996106970479296,0.6784459354141406,1.7251206785949618,1.0,30.088375534243337,30.045966249015436,30.431738058992792,5.304218141212614,10.368816287560726,available
533513942,1.0,4.700256992717046,6.47963687720808,7.080852608292364,4.857804237500943,11.534329072986534,1.0,12.662370501268667,12.936203518678791,16.939796292165305,5.604525506974069,7.329149924009323,available
533513943,1.0,1.047202084413665,0.30794039222170433,2.8237350642874404,1.7152833948284771,3.1409391194075496,1.0,27.662356594925043,27.416070795754365,29.508770665352902,6.05316219287477,12.14614972778515,available
533513944,1.0,3.8105468270450995,3.453044917687407,6.2160987121203775,4.464422211348318,15.08002375785908,1.0,20.937455711761345,20.962158529709477,25.4931896975688,4.73496672950111,11.356285615684559,available
533523021,1.0,0.6127538666167779,0.04646591431048286,2.5740152538193457,3.1087623562498257,3.4186051809664253,1.0,0.9123656855515324,0.5544574064466472,2.085512821090065,4.6652681123078485,5.01473976563898,available
533523022,1.0,0.27083436821620716,0.4432136590983351,0.6330679010010272,0.6218270374856275,1.513621422674409,1.0,2.567145765119604,2.5287264801884,2.60926387260489,5.154411428588364,3.110057625963256,available
533523023,1.0,0.15470295104773946,0.04646591431048286,0.8773368979929792,12.631491148996686,6.218833740173044,1.0,1.2107099098776366,0.6415526410445356,2.59014014529067,14.950335430291362,6.579886641517939,available
533523031,1.0,0.8396772855941977,0.40527739510773664,2.473913736589786,4.062732025738476,4.952274631868335,1.0,2.9690917658838294,2.6245168472564835,4.223820985279028,14.057782280704469,5.018813054812427,available
533523032,1.0,1.571149525529561,1.5916211874808042,2.114731949318301,1.1272287403536907,3.1407461016032783,1.0,16.673874168918413,7.68067299540556,31.17169068732167,12.61475777413323,6.942325544350462,available
533523041,1.0,0.5563037318336034,0.47979831374135884,1.3738201928957459,5.649243766034505,5.648314079371708,1.0,28.539529584187694,28.16830862302983,30.28359430059,12.21657249684938,14.632139948294496,available
533523042,1.0,0.1910894972105955,0.18505936538083745,0.3824470225752634,7.919666608792197,7.321506885969033,1.0,25.950442358029033,25.900299307058116,26.150118957193715,15.079870299586712,17.708235167104508,available
533523053,1.0,0.5109131609985431,0.4015921592096987,0.4015921592096987,25.391492284967548,5.688774795161517,1.0,21.853304133288482,23.87300609092021,25.736964514695632,28.134734087233568,23.547780041215503,available
533523114,0.8949240425200217,1.1211422107858968,1.1975638513813773,1.30038410004769,0.023150907616616267,1.6304736643791504,0.0,,,,,,unavailable
533523123,1.0,1.2733282217469344,1.2733282217469344,1.2733282217469344,0.0,1.1835449612446767,0.0,,,,,,unavailable
