plan_id,mode,site_count,affected_graph_node_count,improved_building_count,newly_network_connected_building_count,total_building_distance_reduction_m,mean_reduction_all_reachable_buildings_m,mean_reduction_improved_buildings_m,affected_estimated_elderly_population,elderly_weighted_distance_reduction_person_m,elderly_weighted_mean_reduction_m,worst_decile_mean_reduction_m,robust_top20_elderly_weighted_reduction_person_m,robust_top20_improved_mesh_count,improved_mesh_count,marginal_total_building_distance_reduction_m,marginal_affected_building_count,marginal_affected_estimated_elderly_population,marginal_worst_decile_mean_reduction_m,marginal_newly_network_connected_building_count,candidate_ids
network-overall-1,overall,1,348,1362,0,455256.298,16.006,334.256,635.589573,204861.106,10.385,97.047,0.0,0,5,455256.298,1362,635.589573,97.047,0,tran_9d171b5f-9b32-4cdc-aa2d-460602a5c71d-0
network-overall-2,overall,2,514,2136,0,830350.477,29.193,388.741,1053.80962,403042.883,20.432,210.656,0.0,0,11,375094.179,774,418.220047,113.609,0,tran_9d171b5f-9b32-4cdc-aa2d-460602a5c71d-0|tran_aa88195d-0720-456e-8ff1-8589a3f60d05-0
network-overall-3,overall,3,743,2911,0,1103540.923,38.798,379.093,1572.547518,587958.247,29.806,245.967,0.0,0,16,273190.446,775,518.737898,35.311,0,tran_9d171b5f-9b32-4cdc-aa2d-460602a5c71d-0|tran_aa88195d-0720-456e-8ff1-8589a3f60d05-0|tran_d1ce31ad-058f-45b0-abed-11324ea7961c-0
network-overall-4,overall,4,801,3177,0,1348172.359,47.399,424.354,1707.384496,722983.978,36.651,331.954,0.0,0,23,244631.436,266,134.836978,85.987,0,tran_9d171b5f-9b32-4cdc-aa2d-460602a5c71d-0|tran_aa88195d-0720-456e-8ff1-8589a3f60d05-0|tran_d1ce31ad-058f-45b0-abed-11324ea7961c-0|tran_24cf2c9d-b715-4f24-92e1-31a1deefbdf9-0
network-overall-5,overall,5,871,3614,0,1511126.535,53.128,418.131,2046.558696,847406.496,42.959,349.743,0.0,0,27,162954.176,437,339.1742,17.789,0,tran_9d171b5f-9b32-4cdc-aa2d-460602a5c71d-0|tran_aa88195d-0720-456e-8ff1-8589a3f60d05-0|tran_d1ce31ad-058f-45b0-abed-11324ea7961c-0|tran_24cf2c9d-b715-4f24-92e1-31a1deefbdf9-0|tran_c8ff283f-d366-432a-84ad-a871625afb7c-0
network-elderly-1,elderly,1,345,1348,0,453335.087,15.938,336.302,628.304107,204874.267,10.386,96.943,0.0,0,5,453335.087,1348,628.304107,96.943,0,tran_4125c5ae-afc2-4f97-a822-94fbfd4481d7-0
network-elderly-2,elderly,2,559,2299,0,783670.767,27.552,340.875,1318.995869,408325.459,20.7,175.751,0.0,0,13,330335.68,951,690.691762,78.808,0,tran_4125c5ae-afc2-4f97-a822-94fbfd4481d7-0|tran_8138556d-e516-48d3-9545-0410e784fcb2-0
network-elderly-3,elderly,3,782,3059,0,1055851.455,37.122,345.162,1828.459229,593802.023,30.103,211.898,0.0,0,18,272180.688,760,509.46336,36.147,0,tran_4125c5ae-afc2-4f97-a822-94fbfd4481d7-0|tran_8138556d-e516-48d3-9545-0410e784fcb2-0|tran_fd15501a-b5e0-4253-96cd-3faa2bc9875f-0
network-elderly-4,elderly,4,840,3325,0,1300482.891,45.722,391.123,1963.296208,728827.754,36.948,297.885,0.0,0,25,244631.436,266,134.836979,85.987,0,tran_4125c5ae-afc2-4f97-a822-94fbfd4481d7-0|tran_8138556d-e516-48d3-9545-0410e784fcb2-0|tran_fd15501a-b5e0-4253-96cd-3faa2bc9875f-0|tran_24cf2c9d-b715-4f24-92e1-31a1deefbdf9-0
network-elderly-5,elderly,5,910,3762,0,1463437.067,51.452,389.005,2302.470407,853250.271,43.255,315.673,0.0,0,29,162954.176,437,339.174199,17.788,0,tran_4125c5ae-afc2-4f97-a822-94fbfd4481d7-0|tran_8138556d-e516-48d3-9545-0410e784fcb2-0|tran_fd15501a-b5e0-4253-96cd-3faa2bc9875f-0|tran_24cf2c9d-b715-4f24-92e1-31a1deefbdf9-0|tran_c8ff283f-d366-432a-84ad-a871625afb7c-0
network-worst_served-1,worst_served,1,166,774,0,375094.179,13.188,484.618,418.220047,198181.777,10.047,113.608,0.0,0,6,375094.179,774,418.220047,113.608,0,tran_aa88195d-0720-456e-8ff1-8589a3f60d05-0
network-worst_served-2,worst_served,2,489,2010,0,813151.603,28.589,404.553,981.717749,387406.405,19.639,218.462,0.0,0,11,438057.424,1236,563.497702,104.854,0,tran_aa88195d-0720-456e-8ff1-8589a3f60d05-0|tran_21ec2f16-fea0-4765-abe4-af7f7086e8f4-0
network-worst_served-3,worst_served,3,547,2276,0,1057783.039,37.19,464.755,1116.554727,522432.136,26.485,304.448,0.0,0,18,244631.436,266,134.836978,85.986,0,tran_aa88195d-0720-456e-8ff1-8589a3f60d05-0|tran_21ec2f16-fea0-4765-abe4-af7f7086e8f4-0|tran_24cf2c9d-b715-4f24-92e1-31a1deefbdf9-0
network-worst_served-4,worst_served,4,723,2951,0,1292886.385,45.455,438.118,1568.041481,665649.789,33.745,375.23,0.0,0,22,235103.346,675,451.486754,70.782,0,tran_aa88195d-0720-456e-8ff1-8589a3f60d05-0|tran_21ec2f16-fea0-4765-abe4-af7f7086e8f4-0|tran_24cf2c9d-b715-4f24-92e1-31a1deefbdf9-0|tran_cd42078c-4efb-46fb-bca3-94e0917e7dfa-0
network-worst_served-5,worst_served,5,905,3535,0,1497604.927,52.653,423.651,1970.01542,810489.668,41.088,414.018,0.0,0,27,204718.542,584,401.973939,38.788,0,tran_aa88195d-0720-456e-8ff1-8589a3f60d05-0|tran_21ec2f16-fea0-4765-abe4-af7f7086e8f4-0|tran_24cf2c9d-b715-4f24-92e1-31a1deefbdf9-0|tran_cd42078c-4efb-46fb-bca3-94e0917e7dfa-0|tran_84e07387-6ce3-466c-aa84-b4c116511a16-0
network-robust-1,robust,1,88,361,0,102474.85,3.603,283.864,259.089843,82282.397,4.171,3.712,76633.109,1,3,102474.85,361,259.089843,3.712,0,tran_b8a1ea1e-9445-4ee0-ade7-22032fbe7624-0
network-robust-2,robust,2,436,1723,0,557731.148,19.609,323.698,894.679416,287143.503,14.557,100.759,76633.109,1,8,455256.298,1362,635.589573,97.047,0,tran_b8a1ea1e-9445-4ee0-ade7-22032fbe7624-0|tran_9d171b5f-9b32-4cdc-aa2d-460602a5c71d-0
network-robust-3,robust,3,602,2497,0,932825.327,32.796,373.578,1312.899463,485325.279,24.603,214.367,76633.109,1,14,375094.179,774,418.220047,113.608,0,tran_b8a1ea1e-9445-4ee0-ade7-22032fbe7624-0|tran_9d171b5f-9b32-4cdc-aa2d-460602a5c71d-0|tran_aa88195d-0720-456e-8ff1-8589a3f60d05-0
network-robust-4,robust,4,814,3226,0,1189355.315,41.815,368.678,1797.913235,661024.395,33.51,248.961,76633.109,1,19,256529.988,729,485.013772,34.594,0,tran_b8a1ea1e-9445-4ee0-ade7-22032fbe7624-0|tran_9d171b5f-9b32-4cdc-aa2d-460602a5c71d-0|tran_aa88195d-0720-456e-8ff1-8589a3f60d05-0|tran_729d7001-c7d5-41db-9b45-b0fe3ffba1fa-0
network-robust-5,robust,5,872,3492,0,1433986.751,50.416,410.649,1932.750213,796050.126,40.356,334.948,76633.109,1,26,244631.436,266,134.836978,85.987,0,tran_b8a1ea1e-9445-4ee0-ade7-22032fbe7624-0|tran_9d171b5f-9b32-4cdc-aa2d-460602a5c71d-0|tran_aa88195d-0720-456e-8ff1-8589a3f60d05-0|tran_729d7001-c7d5-41db-9b45-b0fe3ffba1fa-0|tran_24cf2c9d-b715-4f24-92e1-31a1deefbdf9-0
network-balanced-1,balanced,1,76,283,0,70913.312,2.493,250.577,216.972109,60558.576,3.07,6.027,57958.397,1,2,70913.312,283,216.972109,6.027,0,tran_cef764dd-3b03-4ac3-8229-348084291d6f-0
network-balanced-2,balanced,2,399,1519,0,508970.736,17.894,335.07,780.469811,249783.205,12.663,110.88,57958.397,1,7,438057.424,1236,563.497702,104.853,0,tran_cef764dd-3b03-4ac3-8229-348084291d6f-0|tran_21ec2f16-fea0-4765-abe4-af7f7086e8f4-0
network-balanced-3,balanced,3,565,2293,0,884064.915,31.082,385.549,1198.689858,447964.982,22.709,224.489,57958.397,1,13,375094.179,774,418.220047,113.609,0,tran_cef764dd-3b03-4ac3-8229-348084291d6f-0|tran_21ec2f16-fea0-4765-abe4-af7f7086e8f4-0|tran_aa88195d-0720-456e-8ff1-8589a3f60d05-0
network-balanced-4,balanced,4,741,2968,0,1119168.262,39.348,377.078,1650.176612,591182.635,29.97,295.27,57958.397,1,17,235103.347,675,451.486754,70.781,0,tran_cef764dd-3b03-4ac3-8229-348084291d6f-0|tran_21ec2f16-fea0-4765-abe4-af7f7086e8f4-0|tran_aa88195d-0720-456e-8ff1-8589a3f60d05-0|tran_cd42078c-4efb-46fb-bca3-94e0917e7dfa-0
network-balanced-5,balanced,5,799,3234,0,1363799.697,47.949,421.707,1785.01359,726208.366,36.815,381.257,57958.397,1,24,244631.435,266,134.836978,85.987,0,tran_cef764dd-3b03-4ac3-8229-348084291d6f-0|tran_21ec2f16-fea0-4765-abe4-af7f7086e8f4-0|tran_aa88195d-0720-456e-8ff1-8589a3f60d05-0|tran_cd42078c-4efb-46fb-bca3-94e0917e7dfa-0|tran_24cf2c9d-b715-4f24-92e1-31a1deefbdf9-0
network-reachability-1,reachability,1,0,0,2,0.0,0.0,0.0,0.0,0.0,0.0,0.0,0.0,0,0,0.0,0,0.0,0.0,2,tran_065210f8-d257-4e62-9cb3-a02252ba5241-0
network-reachability-2,reachability,2,0,0,3,0.0,0.0,0.0,0.0,0.0,0.0,0.0,0.0,0,0,0.0,0,0.0,0.0,1,tran_065210f8-d257-4e62-9cb3-a02252ba5241-0|tran_ea0c249e-c9b4-46b9-986c-03ed400c4025-0
network-reachability-3,reachability,3,166,774,3,375094.179,13.188,484.618,418.220047,198181.777,10.047,113.608,0.0,0,6,375094.179,774,418.220047,113.608,0,tran_065210f8-d257-4e62-9cb3-a02252ba5241-0|tran_ea0c249e-c9b4-46b9-986c-03ed400c4025-0|tran_aa88195d-0720-456e-8ff1-8589a3f60d05-0
network-reachability-4,reachability,4,350,1479,3,678520.014,23.855,458.769,891.58584,387061.518,19.622,202.575,0.0,0,10,303425.835,705,473.365793,88.967,0,tran_065210f8-d257-4e62-9cb3-a02252ba5241-0|tran_ea0c249e-c9b4-46b9-986c-03ed400c4025-0|tran_aa88195d-0720-456e-8ff1-8589a3f60d05-0|tran_8ba6a911-68fe-4368-b096-1f28551d26a9-0
network-reachability-5,reachability,5,579,2254,3,951710.46,33.46,422.232,1410.323737,571976.882,28.996,237.886,0.0,0,15,273190.446,775,518.737897,35.311,0,tran_065210f8-d257-4e62-9cb3-a02252ba5241-0|tran_ea0c249e-c9b4-46b9-986c-03ed400c4025-0|tran_aa88195d-0720-456e-8ff1-8589a3f60d05-0|tran_8ba6a911-68fe-4368-b096-1f28551d26a9-0|tran_d1ce31ad-058f-45b0-abed-11324ea7961c-0
